/home/arthur/analysis/projects/glide/revisions/rev_42dde93_058ef77/rev_42dde93-058ef77/samples/flickr/src/com/bumptech/flickr/api/Api.java;NONE
/home/arthur/analysis/projects/glide/revisions/rev_42dde93_058ef77/rev_42dde93-058ef77/library/src/com/bumptech/glide/Glide.java;NONE
/home/arthur/analysis/projects/glide/revisions/rev_42dde93_058ef77/rev_42dde93-058ef77/library/src/com/bumptech/glide/Glide.java;NONE
/home/arthur/analysis/projects/glide/revisions/rev_42dde93_058ef77/rev_42dde93-058ef77/library/src/com/bumptech/glide/Glide.java;NONE
/home/arthur/analysis/projects/glide/revisions/rev_42dde93_058ef77/rev_42dde93-058ef77/library/src/com/bumptech/glide/Glide.java;NONE
/home/arthur/analysis/projects/glide/revisions/rev_42dde93_058ef77/rev_42dde93-058ef77/samples/flickr/src/com/bumptech/flickr/FlickrSearchActivity.java;MINE
/home/arthur/analysis/projects/glide/revisions/rev_42dde93_058ef77/rev_42dde93-058ef77/samples/flickr/src/com/bumptech/flickr/FlickrSearchActivity.java;MINE
/home/arthur/analysis/projects/glide/revisions/rev_42dde93_058ef77/rev_42dde93-058ef77/samples/flickr/src/com/bumptech/flickr/api/Api.java;YOURS
/home/arthur/analysis/projects/glide/revisions/rev_42dde93_058ef77/rev_42dde93-058ef77/library/src/com/bumptech/glide/Glide.java;MINE
/home/arthur/analysis/projects/glide/revisions/rev_42dde93_058ef77/rev_42dde93-058ef77/library/src/com/bumptech/glide/Glide.java;MINE
/home/arthur/analysis/projects/glide/revisions/rev_347118b_a55e201/rev_347118b-a55e201/library/src/com/bumptech/glide/resize/load/Transformation.java;NONE
/home/arthur/analysis/projects/glide/revisions/rev_347118b_a55e201/rev_347118b-a55e201/library/src/com/bumptech/glide/resize/load/Transformation.java;NONE
/home/arthur/analysis/projects/glide/revisions/rev_347118b_a55e201/rev_347118b-a55e201/library/src/com/bumptech/glide/presenter/target/ImageViewTarget.java;NONE
/home/arthur/analysis/projects/glide/revisions/rev_347118b_a55e201/rev_347118b-a55e201/library/src/com/bumptech/glide/resize/load/Downsampler.java;NONE
/home/arthur/analysis/projects/coreNLP/revisions/rev_7fd0b96_c8b050c/rev_7fd0b96-c8b050c/src/edu/stanford/nlp/sentiment/RNNOptions.java;NONE
/home/arthur/analysis/projects/glide/revisions/rev_809f3b3_0b2cafb/rev_809f3b3-0b2cafb/library/src/com/bumptech/glide/resize/cache/DiskLruCacheWrapper.java;NONE
/home/arthur/analysis/projects/glide/revisions/rev_809f3b3_0b2cafb/rev_809f3b3-0b2cafb/library/src/com/bumptech/glide/resize/ImageManager.java;NONE
/home/arthur/analysis/projects/glide/revisions/rev_809f3b3_0b2cafb/rev_809f3b3-0b2cafb/library/src/com/bumptech/glide/resize/ImageManager.java;MINE
/home/arthur/analysis/projects/glide/revisions/rev_809f3b3_0b2cafb/rev_809f3b3-0b2cafb/library/src/com/bumptech/glide/resize/ImageManager.java;MINE
/home/arthur/analysis/projects/glide/revisions/rev_809f3b3_0b2cafb/rev_809f3b3-0b2cafb/library/src/com/bumptech/glide/resize/ImageManager.java;MINE
/home/arthur/analysis/projects/glide/revisions/rev_809f3b3_0b2cafb/rev_809f3b3-0b2cafb/library/src/com/bumptech/glide/resize/ImageManager.java;MINE
/home/arthur/analysis/projects/retrolambda/revisions/rev_757247b_52364bc/rev_757247b-52364bc/retrolambda/src/main/java/net/orfjackal/retrolambda/interfaces/MethodInfo.java;NONE
/home/arthur/analysis/projects/retrolambda/revisions/rev_757247b_52364bc/rev_757247b-52364bc/retrolambda/src/main/java/net/orfjackal/retrolambda/interfaces/MethodInfo.java;NONE
/home/arthur/analysis/projects/retrolambda/revisions/rev_757247b_52364bc/rev_757247b-52364bc/retrolambda/src/main/java/net/orfjackal/retrolambda/interfaces/MethodInfo.java;NONE
/home/arthur/analysis/projects/retrolambda/revisions/rev_757247b_52364bc/rev_757247b-52364bc/retrolambda/src/main/java/net/orfjackal/retrolambda/interfaces/UpdateRelocatedMethodInvocations.java;NONE
/home/arthur/analysis/projects/retrolambda/revisions/rev_757247b_52364bc/rev_757247b-52364bc/retrolambda/src/main/java/net/orfjackal/retrolambda/interfaces/AddMethodDefaultImplementations.java;NONE
/home/arthur/analysis/projects/java/revisions/rev_42a30b8_b55a454/rev_42a30b8-b55a454/java/srcPubnubApi/com/pubnub/api/PubnubCore.java;NONE
/home/arthur/analysis/projects/glide/revisions/rev_f389e91_431ccaf/rev_f389e91-431ccaf/integration/volley/src/main/java/com/bumptech/glide/integration/volley/VolleyUrlLoader.java;NONE
/home/arthur/analysis/projects/glide/revisions/rev_f389e91_431ccaf/rev_f389e91-431ccaf/integration/volley/src/main/java/com/bumptech/glide/integration/volley/VolleyUrlLoader.java;NONE
/home/arthur/analysis/projects/glide/revisions/rev_f389e91_431ccaf/rev_f389e91-431ccaf/integration/volley/src/main/java/com/bumptech/glide/integration/volley/VolleyStreamFetcher.java;NONE
/home/arthur/analysis/projects/glide/revisions/rev_f389e91_431ccaf/rev_f389e91-431ccaf/library/src/main/java/com/bumptech/glide/GlideBuilder.java;NONE
/home/arthur/analysis/projects/glide/revisions/rev_f389e91_431ccaf/rev_f389e91-431ccaf/library/src/main/java/com/bumptech/glide/GlideBuilder.java;NONE
/home/arthur/analysis/projects/glide/revisions/rev_f389e91_431ccaf/rev_f389e91-431ccaf/library/src/main/java/com/bumptech/glide/load/resource/bitmap/Downsampler.java;NONE
/home/arthur/analysis/projects/glide/revisions/rev_f389e91_431ccaf/rev_f389e91-431ccaf/integration/volley/src/main/java/com/bumptech/glide/integration/volley/VolleyUrlLoader.java;NONE
/home/arthur/analysis/projects/glide/revisions/rev_f389e91_431ccaf/rev_f389e91-431ccaf/integration/volley/src/main/java/com/bumptech/glide/integration/volley/VolleyStreamFetcher.java;NONE
/home/arthur/analysis/projects/glide/revisions/rev_f389e91_431ccaf/rev_f389e91-431ccaf/integration/volley/src/main/java/com/bumptech/glide/integration/volley/VolleyStreamFetcher.java;NONE
/home/arthur/analysis/projects/glide/revisions/rev_e161ca9_7e0f873/rev_e161ca9-7e0f873/integration/okhttp/src/main/java/com/bumptech/glide/integration/okhttp/OkHttpStreamFetcher.java;NONE
/home/arthur/analysis/projects/glide/revisions/rev_e161ca9_7e0f873/rev_e161ca9-7e0f873/integration/okhttp/src/main/java/com/bumptech/glide/integration/okhttp/OkHttpStreamFetcher.java;NONE
/home/arthur/analysis/projects/glide/revisions/rev_e161ca9_7e0f873/rev_e161ca9-7e0f873/integration/okhttp/src/main/java/com/bumptech/glide/integration/okhttp/OkHttpStreamFetcher.java;NONE
/home/arthur/analysis/projects/glide/revisions/rev_e161ca9_7e0f873/rev_e161ca9-7e0f873/integration/volley/src/main/java/com/bumptech/glide/integration/volley/VolleyStreamFetcher.java;NONE
/home/arthur/analysis/projects/glide/revisions/rev_e161ca9_7e0f873/rev_e161ca9-7e0f873/integration/volley/src/main/java/com/bumptech/glide/integration/volley/VolleyStreamFetcher.java;NONE
/home/arthur/analysis/projects/glide/revisions/rev_e161ca9_7e0f873/rev_e161ca9-7e0f873/integration/volley/src/main/java/com/bumptech/glide/integration/volley/VolleyStreamFetcher.java;NONE
/home/arthur/analysis/projects/glide/revisions/rev_e161ca9_7e0f873/rev_e161ca9-7e0f873/third_party/gif_decoder/src/main/java/com/bumptech/glide/gifdecoder/GifDecoder.java;NONE
/home/arthur/analysis/projects/glide/revisions/rev_e161ca9_7e0f873/rev_e161ca9-7e0f873/library/src/androidTest/java/com/bumptech/glide/manager/RequestManagerRetrieverTest.java;NONE
/home/arthur/analysis/projects/glide/revisions/rev_e161ca9_7e0f873/rev_e161ca9-7e0f873/library/src/androidTest/java/com/bumptech/glide/manager/RequestManagerRetrieverTest.java;NONE
/home/arthur/analysis/projects/glide/revisions/rev_e161ca9_7e0f873/rev_e161ca9-7e0f873/library/src/androidTest/java/com/bumptech/glide/request/ThumbnailRequestCoordinatorTest.java;NONE
/home/arthur/analysis/projects/glide/revisions/rev_e161ca9_7e0f873/rev_e161ca9-7e0f873/library/src/androidTest/java/com/bumptech/glide/load/resource/bitmap/ImageHeaderParserTest.java;NONE
/home/arthur/analysis/projects/glide/revisions/rev_e161ca9_7e0f873/rev_e161ca9-7e0f873/library/src/androidTest/java/com/bumptech/glide/load/resource/bitmap/ImageHeaderParserTest.java;NONE
/home/arthur/analysis/projects/glide/revisions/rev_e161ca9_7e0f873/rev_e161ca9-7e0f873/library/src/androidTest/java/com/bumptech/glide/load/resource/bitmap/ImageHeaderParserTest.java;NONE
/home/arthur/analysis/projects/glide/revisions/rev_e161ca9_7e0f873/rev_e161ca9-7e0f873/library/src/androidTest/java/com/bumptech/glide/load/data/HttpUrlFetcherTest.java;NONE
/home/arthur/analysis/projects/glide/revisions/rev_e161ca9_7e0f873/rev_e161ca9-7e0f873/library/src/androidTest/java/com/bumptech/glide/resize/load/ExifTest.java;NONE
/home/arthur/analysis/projects/glide/revisions/rev_e161ca9_7e0f873/rev_e161ca9-7e0f873/library/src/main/java/com/bumptech/glide/manager/ActivityFragmentLifecycle.java;NONE
/home/arthur/analysis/projects/glide/revisions/rev_e161ca9_7e0f873/rev_e161ca9-7e0f873/library/src/main/java/com/bumptech/glide/manager/ActivityFragmentLifecycle.java;NONE
/home/arthur/analysis/projects/glide/revisions/rev_e161ca9_7e0f873/rev_e161ca9-7e0f873/library/src/main/java/com/bumptech/glide/manager/ActivityFragmentLifecycle.java;NONE
/home/arthur/analysis/projects/glide/revisions/rev_e161ca9_7e0f873/rev_e161ca9-7e0f873/library/src/main/java/com/bumptech/glide/manager/ActivityFragmentLifecycle.java;NONE
/home/arthur/analysis/projects/glide/revisions/rev_e161ca9_7e0f873/rev_e161ca9-7e0f873/library/src/main/java/com/bumptech/glide/load/model/GlideUrl.java;NONE
/home/arthur/analysis/projects/glide/revisions/rev_e161ca9_7e0f873/rev_e161ca9-7e0f873/library/src/main/java/com/bumptech/glide/load/resource/bitmap/ImageHeaderParser.java;NONE
/home/arthur/analysis/projects/glide/revisions/rev_e161ca9_7e0f873/rev_e161ca9-7e0f873/library/src/main/java/com/bumptech/glide/load/resource/bitmap/ImageHeaderParser.java;NONE
/home/arthur/analysis/projects/glide/revisions/rev_e161ca9_7e0f873/rev_e161ca9-7e0f873/library/src/main/java/com/bumptech/glide/load/resource/bitmap/ImageHeaderParser.java;NONE
/home/arthur/analysis/projects/glide/revisions/rev_e161ca9_7e0f873/rev_e161ca9-7e0f873/library/src/main/java/com/bumptech/glide/load/resource/bitmap/ImageHeaderParser.java;NONE
/home/arthur/analysis/projects/glide/revisions/rev_e161ca9_7e0f873/rev_e161ca9-7e0f873/library/src/main/java/com/bumptech/glide/load/resource/bitmap/ImageHeaderParser.java;NONE
/home/arthur/analysis/projects/glide/revisions/rev_e161ca9_7e0f873/rev_e161ca9-7e0f873/library/src/main/java/com/bumptech/glide/load/resource/bitmap/ImageHeaderParser.java;NONE
/home/arthur/analysis/projects/glide/revisions/rev_e161ca9_7e0f873/rev_e161ca9-7e0f873/library/src/main/java/com/bumptech/glide/load/resource/bitmap/Downsampler.java;NONE
/home/arthur/analysis/projects/glide/revisions/rev_e161ca9_7e0f873/rev_e161ca9-7e0f873/library/src/main/java/com/bumptech/glide/load/engine/cache/InternalCacheDiskCacheFactory.java;NONE
/home/arthur/analysis/projects/glide/revisions/rev_e161ca9_7e0f873/rev_e161ca9-7e0f873/library/src/main/java/com/bumptech/glide/load/engine/cache/InternalCacheDiskCacheFactory.java;NONE
/home/arthur/analysis/projects/glide/revisions/rev_e161ca9_7e0f873/rev_e161ca9-7e0f873/library/src/main/java/com/bumptech/glide/load/engine/cache/DiskLruCacheWrapper.java;NONE
/home/arthur/analysis/projects/glide/revisions/rev_e161ca9_7e0f873/rev_e161ca9-7e0f873/library/src/main/java/com/bumptech/glide/load/engine/cache/DiskLruCacheWrapper.java;NONE
/home/arthur/analysis/projects/glide/revisions/rev_e161ca9_7e0f873/rev_e161ca9-7e0f873/library/src/main/java/com/bumptech/glide/load/engine/cache/DiskLruCacheWrapper.java;NONE
/home/arthur/analysis/projects/glide/revisions/rev_e161ca9_7e0f873/rev_e161ca9-7e0f873/samples/flickr/src/main/java/com/bumptech/glide/samples/flickr/FlickrPhotoGrid.java;NONE
/home/arthur/analysis/projects/glide/revisions/rev_e161ca9_7e0f873/rev_e161ca9-7e0f873/integration/okhttp/src/main/java/com/bumptech/glide/integration/okhttp/OkHttpStreamFetcher.java;NONE
/home/arthur/analysis/projects/glide/revisions/rev_e161ca9_7e0f873/rev_e161ca9-7e0f873/integration/volley/src/androidTest/java/com/bumptech/glide/integration/volley/VolleyStreamFetcherServerTest.java;NONE
/home/arthur/analysis/projects/glide/revisions/rev_e161ca9_7e0f873/rev_e161ca9-7e0f873/integration/volley/src/main/java/com/bumptech/glide/integration/volley/VolleyStreamFetcher.java;NONE
/home/arthur/analysis/projects/glide/revisions/rev_e161ca9_7e0f873/rev_e161ca9-7e0f873/library/src/androidTest/java/com/bumptech/glide/manager/RequestManagerRetrieverTest.java;NONE
/home/arthur/analysis/projects/glide/revisions/rev_e161ca9_7e0f873/rev_e161ca9-7e0f873/library/src/androidTest/java/com/bumptech/glide/load/resource/bitmap/ImageHeaderParserTest.java;NONE
/home/arthur/analysis/projects/glide/revisions/rev_e161ca9_7e0f873/rev_e161ca9-7e0f873/library/src/main/java/com/bumptech/glide/request/RequestFutureTarget.java;NONE
/home/arthur/analysis/projects/glide/revisions/rev_e161ca9_7e0f873/rev_e161ca9-7e0f873/library/src/main/java/com/bumptech/glide/load/resource/bitmap/ImageHeaderParser.java;NONE
/home/arthur/analysis/projects/glide/revisions/rev_e161ca9_7e0f873/rev_e161ca9-7e0f873/library/src/main/java/com/bumptech/glide/load/resource/bitmap/ImageHeaderParser.java;NONE
/home/arthur/analysis/projects/glide/revisions/rev_e161ca9_7e0f873/rev_e161ca9-7e0f873/library/src/main/java/com/bumptech/glide/load/resource/bitmap/Downsampler.java;YOURS
/home/arthur/analysis/projects/glide/revisions/rev_e161ca9_7e0f873/rev_e161ca9-7e0f873/library/src/main/java/com/bumptech/glide/load/engine/cache/DiskLruCacheWrapper.java;YOURS
/home/arthur/analysis/projects/glide/revisions/rev_e161ca9_7e0f873/rev_e161ca9-7e0f873/library/src/main/java/com/bumptech/glide/load/engine/cache/DiskCache.java;NONE
/home/arthur/analysis/projects/glide/revisions/rev_e161ca9_7e0f873/rev_e161ca9-7e0f873/library/src/main/java/com/bumptech/glide/load/data/HttpUrlFetcher.java;NONE
/home/arthur/analysis/projects/okio/revisions/rev_89e1341_c8a36a6/rev_89e1341-c8a36a6/okhttp-protocols/src/main/java/com/squareup/okhttp/internal/bytes/GzipSource.java;NONE
/home/arthur/analysis/projects/okio/revisions/rev_89e1341_c8a36a6/rev_89e1341-c8a36a6/okhttp-protocols/src/main/java/com/squareup/okhttp/internal/bytes/GzipSource.java;NONE
/home/arthur/analysis/projects/grpc-java/revisions/rev_157aa0a_bed3057/rev_157aa0a-bed3057/android/app/src/main/java/io/grpc/helloworldexample/GreeterGrpc.java;NONE
/home/arthur/analysis/projects/grpc-java/revisions/rev_157aa0a_bed3057/rev_157aa0a-bed3057/android/app/src/main/java/io/grpc/helloworldexample/GreeterGrpc.java;NONE
/home/arthur/analysis/projects/grpc-java/revisions/rev_41f1155_a287a11/rev_41f1155-a287a11/android/app/src/main/java/io/grpc/helloworldexample/GreeterGrpc.java;NONE
/home/arthur/analysis/projects/grpc-java/revisions/rev_41f1155_a287a11/rev_41f1155-a287a11/android/app/src/main/java/io/grpc/helloworldexample/GreeterGrpc.java;NONE
/home/arthur/analysis/projects/java/revisions/rev_6bf11c0_8024de0/rev_6bf11c0-8024de0/java/src1/com/pubnub/api/SubscribeWorker.java;YOURS
/home/arthur/analysis/projects/java/revisions/rev_6bf11c0_8024de0/rev_6bf11c0-8024de0/java/src1/com/pubnub/api/SubscribeWorker.java;MINE
/home/arthur/analysis/projects/grpc-java/revisions/rev_977c3d1_24a9f39/rev_977c3d1-24a9f39/core/src/main/java/io/grpc/transport/AbstractServerStream.java;NONE
/home/arthur/analysis/projects/grpc-java/revisions/rev_977c3d1_24a9f39/rev_977c3d1-24a9f39/core/src/main/java/io/grpc/transport/AbstractServerStream.java;NONE
/home/arthur/analysis/projects/grpc-java/revisions/rev_977c3d1_24a9f39/rev_977c3d1-24a9f39/core/src/main/java/io/grpc/transport/AbstractStream.java;NONE
/home/arthur/analysis/projects/grpc-java/revisions/rev_977c3d1_24a9f39/rev_977c3d1-24a9f39/core/src/main/java/io/grpc/transport/AbstractStream.java;NONE
/home/arthur/analysis/projects/grpc-java/revisions/rev_977c3d1_24a9f39/rev_977c3d1-24a9f39/core/src/main/java/io/grpc/transport/AbstractStream.java;NONE
/home/arthur/analysis/projects/grpc-java/revisions/rev_977c3d1_24a9f39/rev_977c3d1-24a9f39/core/src/main/java/io/grpc/transport/AbstractStream.java;NONE
/home/arthur/analysis/projects/grpc-java/revisions/rev_977c3d1_24a9f39/rev_977c3d1-24a9f39/core/src/main/java/io/grpc/transport/AbstractStream.java;NONE
/home/arthur/analysis/projects/grpc-java/revisions/rev_977c3d1_24a9f39/rev_977c3d1-24a9f39/core/src/main/java/io/grpc/transport/AbstractStream.java;NONE
/home/arthur/analysis/projects/grpc-java/revisions/rev_977c3d1_24a9f39/rev_977c3d1-24a9f39/core/src/main/java/io/grpc/transport/AbstractStream.java;NONE
/home/arthur/analysis/projects/grpc-java/revisions/rev_977c3d1_24a9f39/rev_977c3d1-24a9f39/core/src/main/java/io/grpc/transport/AbstractStream.java;NONE
/home/arthur/analysis/projects/grpc-java/revisions/rev_977c3d1_24a9f39/rev_977c3d1-24a9f39/okhttp/src/test/java/io/grpc/transport/okhttp/OkHttpClientTransportTest.java;NONE
/home/arthur/analysis/projects/grpc-java/revisions/rev_977c3d1_24a9f39/rev_977c3d1-24a9f39/core/src/main/java/io/grpc/transport/AbstractStream.java;MINE
/home/arthur/analysis/projects/grpc-java/revisions/rev_977c3d1_24a9f39/rev_977c3d1-24a9f39/core/src/main/java/io/grpc/transport/AbstractStream.java;YOURS
/home/arthur/analysis/projects/grpc-java/revisions/rev_977c3d1_24a9f39/rev_977c3d1-24a9f39/core/src/main/java/io/grpc/transport/AbstractStream.java;MINE
/home/arthur/analysis/projects/grpc-java/revisions/rev_977c3d1_24a9f39/rev_977c3d1-24a9f39/core/src/main/java/io/grpc/transport/AbstractStream.java;YOURS
/home/arthur/analysis/projects/grpc-java/revisions/rev_977c3d1_24a9f39/rev_977c3d1-24a9f39/core/src/main/java/io/grpc/transport/AbstractStream.java;YOURS
/home/arthur/analysis/projects/grpc-java/revisions/rev_977c3d1_24a9f39/rev_977c3d1-24a9f39/core/src/main/java/io/grpc/transport/AbstractStream.java;YOURS
/home/arthur/analysis/projects/grpc-java/revisions/rev_977c3d1_24a9f39/rev_977c3d1-24a9f39/core/src/main/java/io/grpc/transport/AbstractStream.java;YOURS
/home/arthur/analysis/projects/grpc-java/revisions/rev_977c3d1_24a9f39/rev_977c3d1-24a9f39/core/src/main/java/io/grpc/transport/AbstractStream.java;NONE
/home/arthur/analysis/projects/grpc-java/revisions/rev_977c3d1_24a9f39/rev_977c3d1-24a9f39/core/src/main/java/io/grpc/transport/AbstractStream.java;YOURS
/home/arthur/analysis/projects/grpc-java/revisions/rev_977c3d1_24a9f39/rev_977c3d1-24a9f39/okhttp/src/test/java/io/grpc/transport/okhttp/OkHttpClientTransportTest.java;YOURS
/home/arthur/analysis/projects/java/revisions/rev_5580ad1_497fd11/rev_5580ad1-497fd11/java/examples/src/com/pubnub/examples/PubnubPushSampleCode.java;NONE
/home/arthur/analysis/projects/java/revisions/rev_5580ad1_497fd11/rev_5580ad1-497fd11/android/examples/PubnubExample/src/com/pubnub/examples/pubnubExample10/MainActivity.java;NONE
/home/arthur/analysis/projects/java/revisions/rev_35c7f03_449a6c6/rev_35c7f03-449a6c6/java/srcPubnubApi/com/pubnub/api/PubnubUtilCore.java;NONE
/home/arthur/analysis/projects/java/revisions/rev_35c7f03_449a6c6/rev_35c7f03-449a6c6/java/srcPubnubApi/com/pubnub/api/PubnubUtilCore.java;MINE
/home/arthur/analysis/projects/java/revisions/rev_8e4119c_6dbe265/rev_8e4119c-6dbe265/java/srcPubnubApi/com/pubnub/api/PubnubCore.java;NONE
/home/arthur/analysis/projects/java/revisions/rev_8e4119c_6dbe265/rev_8e4119c-6dbe265/java/srcPubnubApi/com/pubnub/api/PubnubCore.java;NONE
/home/arthur/analysis/projects/ExoPlayer/revisions/rev_c2d55ac_4efc0ab/rev_c2d55ac-4efc0ab/demo/src/main/java/com/google/android/exoplayer/demo/simple/SimplePlayerActivity.java;NONE
/home/arthur/analysis/projects/ExoPlayer/revisions/rev_c2d55ac_4efc0ab/rev_c2d55ac-4efc0ab/demo/src/main/java/com/google/android/exoplayer/demo/simple/SimplePlayerActivity.java;NONE
/home/arthur/analysis/projects/java/revisions/rev_629a45c_d6cff1f/rev_629a45c-d6cff1f/android/src/com/pubnub/api/Pubnub.java;NONE
/home/arthur/analysis/projects/java/revisions/rev_629a45c_d6cff1f/rev_629a45c-d6cff1f/android/src/com/pubnub/api/Pubnub.java;NONE
/home/arthur/analysis/projects/java/revisions/rev_629a45c_d6cff1f/rev_629a45c-d6cff1f/android/src/com/pubnub/api/Pubnub.java;NONE
/home/arthur/analysis/projects/java/revisions/rev_629a45c_d6cff1f/rev_629a45c-d6cff1f/android/src/com/pubnub/api/Pubnub.java;NONE
/home/arthur/analysis/projects/java/revisions/rev_629a45c_d6cff1f/rev_629a45c-d6cff1f/android/src/com/pubnub/api/Pubnub.java;NONE
/home/arthur/analysis/projects/java/revisions/rev_629a45c_d6cff1f/rev_629a45c-d6cff1f/android/src/com/pubnub/api/Pubnub.java;NONE
/home/arthur/analysis/projects/java/revisions/rev_629a45c_d6cff1f/rev_629a45c-d6cff1f/android/src/com/pubnub/api/Pubnub.java;NONE
/home/arthur/analysis/projects/java/revisions/rev_629a45c_d6cff1f/rev_629a45c-d6cff1f/android/src/com/pubnub/api/Pubnub.java;NONE
/home/arthur/analysis/projects/java/revisions/rev_629a45c_d6cff1f/rev_629a45c-d6cff1f/android/src/com/pubnub/api/Pubnub.java;MINE
/home/arthur/analysis/projects/java/revisions/rev_629a45c_d6cff1f/rev_629a45c-d6cff1f/android/src/com/pubnub/api/Pubnub.java;MINE
/home/arthur/analysis/projects/ExoPlayer/revisions/rev_5a3340d_1554db1/rev_5a3340d-1554db1/demo/src/main/java/com/google/android/exoplayer/demo/full/FullPlayerActivity.java;NONE
/home/arthur/analysis/projects/ExoPlayer/revisions/rev_5a3340d_1554db1/rev_5a3340d-1554db1/demo/src/main/java/com/google/android/exoplayer/demo/Samples.java;NONE
/home/arthur/analysis/projects/ExoPlayer/revisions/rev_b805692_57068a6/rev_b805692-57068a6/demo/src/main/java/com/google/android/exoplayer/demo/full/player/DemoPlayer.java;MINE
/home/arthur/analysis/projects/java/revisions/rev_0f0a6a3_6caaea9/rev_0f0a6a3-6caaea9/java/srcPubnubApi/com/pubnub/api/PubnubCore.java;NONE
/home/arthur/analysis/projects/java/revisions/rev_0f0a6a3_6caaea9/rev_0f0a6a3-6caaea9/java/srcPubnubApi/com/pubnub/api/PubnubCore.java;NONE
/home/arthur/analysis/projects/java/revisions/rev_0f0a6a3_6caaea9/rev_0f0a6a3-6caaea9/java/srcPubnubApi/com/pubnub/api/PubnubCore.java;NONE
/home/arthur/analysis/projects/java/revisions/rev_0f0a6a3_6caaea9/rev_0f0a6a3-6caaea9/java/srcPubnubApi/com/pubnub/api/PubnubCore.java;NONE
/home/arthur/analysis/projects/java/revisions/rev_0f0a6a3_6caaea9/rev_0f0a6a3-6caaea9/java/srcPubnubApi/com/pubnub/api/PubnubCore.java;NONE
/home/arthur/analysis/projects/java/revisions/rev_0f0a6a3_6caaea9/rev_0f0a6a3-6caaea9/java/srcPubnubApi/com/pubnub/api/PubnubCore.java;NONE
/home/arthur/analysis/projects/java/revisions/rev_0f0a6a3_6caaea9/rev_0f0a6a3-6caaea9/java/srcPubnubApi/com/pubnub/api/PubnubCore.java;NONE
/home/arthur/analysis/projects/java/revisions/rev_0f0a6a3_6caaea9/rev_0f0a6a3-6caaea9/java/srcPubnubApi/com/pubnub/api/PubnubCore.java;NONE
/home/arthur/analysis/projects/java/revisions/rev_0f0a6a3_6caaea9/rev_0f0a6a3-6caaea9/java/srcPubnubApi/com/pubnub/api/PubnubCore.java;NONE
/home/arthur/analysis/projects/java/revisions/rev_0f0a6a3_6caaea9/rev_0f0a6a3-6caaea9/java/srcPubnubApi/com/pubnub/api/PubnubCore.java;NONE
/home/arthur/analysis/projects/java/revisions/rev_0f0a6a3_6caaea9/rev_0f0a6a3-6caaea9/java/srcPubnubApi/com/pubnub/api/PubnubCore.java;NONE
/home/arthur/analysis/projects/java/revisions/rev_0f0a6a3_6caaea9/rev_0f0a6a3-6caaea9/java/srcPubnubApi/com/pubnub/api/PubnubCore.java;NONE
/home/arthur/analysis/projects/java/revisions/rev_17b846c_71436c3/rev_17b846c-71436c3/src/main/java/com/pubnub/api/core/Pubnub.java;NONE
/home/arthur/analysis/projects/java/revisions/rev_17b846c_71436c3/rev_17b846c-71436c3/src/main/java/com/pubnub/api/core/Pubnub.java;YOURS
/home/arthur/analysis/projects/java/revisions/rev_45c9719_e3860f0/rev_45c9719-e3860f0/src/main/java/com/pubnub/api/endpoints/pubsub/Publish.java;NONE
/home/arthur/analysis/projects/java/revisions/rev_45c9719_e3860f0/rev_45c9719-e3860f0/src/main/java/com/pubnub/api/endpoints/pubsub/Publish.java;NONE
/home/arthur/analysis/projects/java/revisions/rev_45c9719_e3860f0/rev_45c9719-e3860f0/src/main/java/com/pubnub/api/endpoints/pubsub/Publish.java;NONE
/home/arthur/analysis/projects/java/revisions/rev_45c9719_e3860f0/rev_45c9719-e3860f0/src/main/java/com/pubnub/api/endpoints/push/RemoveAllPushChannelsForDevice.java;NONE
/home/arthur/analysis/projects/java/revisions/rev_45c9719_e3860f0/rev_45c9719-e3860f0/src/main/java/com/pubnub/api/endpoints/push/RemoveAllPushChannelsForDevice.java;NONE
/home/arthur/analysis/projects/java/revisions/rev_45c9719_e3860f0/rev_45c9719-e3860f0/src/main/java/com/pubnub/api/endpoints/push/ListPushProvisions.java;NONE
/home/arthur/analysis/projects/java/revisions/rev_45c9719_e3860f0/rev_45c9719-e3860f0/src/main/java/com/pubnub/api/endpoints/Time.java;NONE
/home/arthur/analysis/projects/java/revisions/rev_45c9719_e3860f0/rev_45c9719-e3860f0/src/main/java/com/pubnub/api/endpoints/channel_groups/DeleteChannelGroup.java;NONE
/home/arthur/analysis/projects/java/revisions/rev_45c9719_e3860f0/rev_45c9719-e3860f0/src/main/java/com/pubnub/api/endpoints/channel_groups/DeleteChannelGroup.java;NONE
/home/arthur/analysis/projects/java/revisions/rev_45c9719_e3860f0/rev_45c9719-e3860f0/src/main/java/com/pubnub/api/endpoints/channel_groups/AllChannelsChannelGroup.java;NONE
/home/arthur/analysis/projects/java/revisions/rev_45c9719_e3860f0/rev_45c9719-e3860f0/src/main/java/com/pubnub/api/endpoints/channel_groups/ListAllChannelGroup.java;NONE
/home/arthur/analysis/projects/java/revisions/rev_45c9719_e3860f0/rev_45c9719-e3860f0/src/main/java/com/pubnub/api/endpoints/presence/WhereNow.java;NONE
/home/arthur/analysis/projects/java/revisions/rev_45c9719_e3860f0/rev_45c9719-e3860f0/src/main/java/com/pubnub/api/PubNubError.java;NONE
/home/arthur/analysis/projects/java/revisions/rev_45c9719_e3860f0/rev_45c9719-e3860f0/src/main/java/com/pubnub/api/PubNubError.java;NONE
/home/arthur/analysis/projects/java/revisions/rev_45c9719_e3860f0/rev_45c9719-e3860f0/src/main/java/com/pubnub/api/PubNubError.java;NONE
/home/arthur/analysis/projects/java/revisions/rev_45c9719_e3860f0/rev_45c9719-e3860f0/src/main/java/com/pubnub/api/PubNubError.java;NONE
/home/arthur/analysis/projects/java/revisions/rev_45c9719_e3860f0/rev_45c9719-e3860f0/src/main/java/com/pubnub/api/PubNubError.java;NONE
/home/arthur/analysis/projects/java/revisions/rev_45c9719_e3860f0/rev_45c9719-e3860f0/src/main/java/com/pubnub/api/PubNubError.java;NONE
/home/arthur/analysis/projects/java/revisions/rev_45c9719_e3860f0/rev_45c9719-e3860f0/src/main/java/com/pubnub/api/PubNubError.java;NONE
/home/arthur/analysis/projects/java/revisions/rev_45c9719_e3860f0/rev_45c9719-e3860f0/src/main/java/com/pubnub/api/PubNubError.java;NONE
/home/arthur/analysis/projects/java/revisions/rev_45c9719_e3860f0/rev_45c9719-e3860f0/src/main/java/com/pubnub/api/PubNubError.java;NONE
/home/arthur/analysis/projects/java/revisions/rev_45c9719_e3860f0/rev_45c9719-e3860f0/src/main/java/com/pubnub/api/PubNubError.java;NONE
/home/arthur/analysis/projects/java/revisions/rev_45c9719_e3860f0/rev_45c9719-e3860f0/src/main/java/com/pubnub/api/PubNubError.java;NONE
/home/arthur/analysis/projects/java/revisions/rev_45c9719_e3860f0/rev_45c9719-e3860f0/src/main/java/com/pubnub/api/PubNubError.java;NONE
/home/arthur/analysis/projects/java/revisions/rev_45c9719_e3860f0/rev_45c9719-e3860f0/src/main/java/com/pubnub/api/PubNubError.java;NONE
/home/arthur/analysis/projects/java/revisions/rev_45c9719_e3860f0/rev_45c9719-e3860f0/src/main/java/com/pubnub/api/PubNubError.java;NONE
/home/arthur/analysis/projects/java/revisions/rev_45c9719_e3860f0/rev_45c9719-e3860f0/src/main/java/com/pubnub/api/PubNubError.java;NONE
/home/arthur/analysis/projects/java/revisions/rev_45c9719_e3860f0/rev_45c9719-e3860f0/src/main/java/com/pubnub/api/PubNubError.java;NONE
/home/arthur/analysis/projects/java/revisions/rev_45c9719_e3860f0/rev_45c9719-e3860f0/src/main/java/com/pubnub/api/PubNubError.java;NONE
/home/arthur/analysis/projects/java/revisions/rev_45c9719_e3860f0/rev_45c9719-e3860f0/src/main/java/com/pubnub/api/PubNubError.java;NONE
/home/arthur/analysis/projects/java/revisions/rev_45c9719_e3860f0/rev_45c9719-e3860f0/src/main/java/com/pubnub/api/PubNubError.java;NONE
/home/arthur/analysis/projects/java/revisions/rev_45c9719_e3860f0/rev_45c9719-e3860f0/src/main/java/com/pubnub/api/PubNubError.java;NONE
/home/arthur/analysis/projects/java/revisions/rev_45c9719_e3860f0/rev_45c9719-e3860f0/src/main/java/com/pubnub/api/PubNubError.java;NONE
/home/arthur/analysis/projects/java/revisions/rev_45c9719_e3860f0/rev_45c9719-e3860f0/src/main/java/com/pubnub/api/endpoints/pubsub/Publish.java;YOURS
/home/arthur/analysis/projects/java/revisions/rev_45c9719_e3860f0/rev_45c9719-e3860f0/src/main/java/com/pubnub/api/endpoints/push/RemoveAllPushChannelsForDevice.java;YOURS
/home/arthur/analysis/projects/java/revisions/rev_45c9719_e3860f0/rev_45c9719-e3860f0/src/main/java/com/pubnub/api/PubNubError.java;YOURS
/home/arthur/analysis/projects/ExoPlayer/revisions/rev_12807a7_fb36f85/rev_12807a7-fb36f85/library/src/test/java/com/google/android/exoplayer/hls/HlsMediaPlaylistParserTest.java;NONE
/home/arthur/analysis/projects/ExoPlayer/revisions/rev_12807a7_fb36f85/rev_12807a7-fb36f85/library/src/test/java/com/google/android/exoplayer/hls/HlsMediaPlaylistParserTest.java;NONE
/home/arthur/analysis/projects/ExoPlayer/revisions/rev_12807a7_fb36f85/rev_12807a7-fb36f85/library/src/test/java/com/google/android/exoplayer/hls/HlsMediaPlaylistParserTest.java;NONE
/home/arthur/analysis/projects/ExoPlayer/revisions/rev_12807a7_fb36f85/rev_12807a7-fb36f85/library/src/test/java/com/google/android/exoplayer/hls/HlsMediaPlaylistParserTest.java;NONE
/home/arthur/analysis/projects/ExoPlayer/revisions/rev_12807a7_fb36f85/rev_12807a7-fb36f85/library/src/test/java/com/google/android/exoplayer/hls/HlsMediaPlaylistParserTest.java;NONE
/home/arthur/analysis/projects/ExoPlayer/revisions/rev_12807a7_fb36f85/rev_12807a7-fb36f85/library/src/test/java/com/google/android/exoplayer/hls/HlsMediaPlaylistParserTest.java;NONE
/home/arthur/analysis/projects/ExoPlayer/revisions/rev_12807a7_fb36f85/rev_12807a7-fb36f85/library/src/test/java/com/google/android/exoplayer/hls/HlsMediaPlaylistParserTest.java;NONE
/home/arthur/analysis/projects/ExoPlayer/revisions/rev_12807a7_fb36f85/rev_12807a7-fb36f85/library/src/main/java/com/google/android/exoplayer/hls/HlsPlaylistParser.java;NONE
/home/arthur/analysis/projects/ExoPlayer/revisions/rev_12807a7_fb36f85/rev_12807a7-fb36f85/library/src/main/java/com/google/android/exoplayer/hls/HlsChunkSource.java;NONE
/home/arthur/analysis/projects/ExoPlayer/revisions/rev_12807a7_fb36f85/rev_12807a7-fb36f85/library/src/main/java/com/google/android/exoplayer/hls/HlsMediaPlaylist.java;NONE
/home/arthur/analysis/projects/ExoPlayer/revisions/rev_12807a7_fb36f85/rev_12807a7-fb36f85/library/src/main/java/com/google/android/exoplayer/hls/HlsMediaPlaylist.java;NONE
/home/arthur/analysis/projects/java/revisions/rev_09cb418_cab09fa/rev_09cb418-cab09fa/src/main/java/com/pubnub/api/PubNubUtil.java;NONE
/home/arthur/analysis/projects/ExoPlayer/revisions/rev_aed45bb_39082d1/rev_aed45bb-39082d1/library/src/main/java/com/google/android/exoplayer/extractor/ts/TsExtractor.java;NONE
/home/arthur/analysis/projects/ExoPlayer/revisions/rev_aed45bb_39082d1/rev_aed45bb-39082d1/library/src/main/java/com/google/android/exoplayer/extractor/ts/TsExtractor.java;MINE
/home/arthur/analysis/projects/java/revisions/rev_53e6287_5f2334a/rev_53e6287-5f2334a/src/test/java/com/pubnub/api/PubNubTest.java;NONE
/home/arthur/analysis/projects/java/revisions/rev_53e6287_5f2334a/rev_53e6287-5f2334a/src/main/java/com/pubnub/api/workers/SubscribeMessageWorker.java;NONE
/home/arthur/analysis/projects/java/revisions/rev_53e6287_5f2334a/rev_53e6287-5f2334a/src/test/java/com/pubnub/api/managers/SubscriptionManagerTest.java;MINE
/home/arthur/analysis/projects/java/revisions/rev_53e6287_5f2334a/rev_53e6287-5f2334a/src/main/java/com/pubnub/api/workers/SubscribeMessageWorker.java;MINE
/home/arthur/analysis/projects/java/revisions/rev_53e6287_5f2334a/rev_53e6287-5f2334a/src/main/java/com/pubnub/api/workers/SubscribeMessageWorker.java;MINE
/home/arthur/analysis/projects/java/revisions/rev_53e6287_5f2334a/rev_53e6287-5f2334a/src/main/java/com/pubnub/api/workers/SubscribeMessageWorker.java;MINE
/home/arthur/analysis/projects/java/revisions/rev_6a231a5_e0957ee/rev_6a231a5-e0957ee/src/test/java/com/pubnub/api/managers/SubscriptionManagerTest.java;NONE
/home/arthur/analysis/projects/java/revisions/rev_6a231a5_e0957ee/rev_6a231a5-e0957ee/src/test/java/com/pubnub/api/PubNubTest.java;NONE
/home/arthur/analysis/projects/java/revisions/rev_6a231a5_e0957ee/rev_6a231a5-e0957ee/src/test/java/com/pubnub/api/PubNubTest.java;NONE
/home/arthur/analysis/projects/java/revisions/rev_6a231a5_e0957ee/rev_6a231a5-e0957ee/src/test/java/com/pubnub/api/endpoints/pubsub/SubscribeEndpointTest.java;NONE
/home/arthur/analysis/projects/java/revisions/rev_6a231a5_e0957ee/rev_6a231a5-e0957ee/src/test/java/com/pubnub/api/endpoints/TimeEndpointTest.java;NONE
/home/arthur/analysis/projects/java/revisions/rev_6a231a5_e0957ee/rev_6a231a5-e0957ee/src/test/java/com/pubnub/api/endpoints/access/GrantEndpointTest.java;NONE
/home/arthur/analysis/projects/java/revisions/rev_6a231a5_e0957ee/rev_6a231a5-e0957ee/src/test/java/com/pubnub/api/endpoints/EndpointTest.java;NONE
/home/arthur/analysis/projects/java/revisions/rev_6a231a5_e0957ee/rev_6a231a5-e0957ee/src/test/java/com/pubnub/api/endpoints/channel_groups/AddChannelChannelGroupEndpointTest.java;NONE
/home/arthur/analysis/projects/java/revisions/rev_6a231a5_e0957ee/rev_6a231a5-e0957ee/src/test/java/com/pubnub/api/endpoints/channel_groups/AddChannelChannelGroupEndpointTest.java;NONE
/home/arthur/analysis/projects/java/revisions/rev_6a231a5_e0957ee/rev_6a231a5-e0957ee/src/test/java/com/pubnub/api/endpoints/channel_groups/DeleteChannelGroupEndpointTest.java;NONE
/home/arthur/analysis/projects/java/revisions/rev_6a231a5_e0957ee/rev_6a231a5-e0957ee/src/test/java/com/pubnub/api/endpoints/channel_groups/AllChannelsChannelGroupEndpointTest.java;NONE
/home/arthur/analysis/projects/java/revisions/rev_6a231a5_e0957ee/rev_6a231a5-e0957ee/src/test/java/com/pubnub/api/endpoints/channel_groups/RemoveChannelChannelGroupEndpointTest.java;NONE
/home/arthur/analysis/projects/java/revisions/rev_6a231a5_e0957ee/rev_6a231a5-e0957ee/src/test/java/com/pubnub/api/endpoints/presence/WhereNowEndpointTest.java;NONE
/home/arthur/analysis/projects/java/revisions/rev_6a231a5_e0957ee/rev_6a231a5-e0957ee/src/test/java/com/pubnub/api/endpoints/presence/WhereNowEndpointTest.java;NONE
/home/arthur/analysis/projects/java/revisions/rev_6a231a5_e0957ee/rev_6a231a5-e0957ee/src/test/java/com/pubnub/api/endpoints/presence/WhereNowEndpointTest.java;NONE
/home/arthur/analysis/projects/java/revisions/rev_6a231a5_e0957ee/rev_6a231a5-e0957ee/src/test/java/com/pubnub/api/endpoints/presence/WhereNowEndpointTest.java;NONE
/home/arthur/analysis/projects/java/revisions/rev_6a231a5_e0957ee/rev_6a231a5-e0957ee/src/test/java/com/pubnub/api/endpoints/presence/HereNowEndpointTest.java;NONE
/home/arthur/analysis/projects/java/revisions/rev_6a231a5_e0957ee/rev_6a231a5-e0957ee/src/test/java/com/pubnub/api/endpoints/presence/GetStateEndpointTest.java;NONE
/home/arthur/analysis/projects/java/revisions/rev_6a231a5_e0957ee/rev_6a231a5-e0957ee/src/test/java/com/pubnub/api/Base64Test.java;NONE
/home/arthur/analysis/projects/java/revisions/rev_6a231a5_e0957ee/rev_6a231a5-e0957ee/src/main/java/com/pubnub/api/workers/SubscribeMessageWorker.java;NONE
/home/arthur/analysis/projects/java/revisions/rev_6a231a5_e0957ee/rev_6a231a5-e0957ee/src/main/java/com/pubnub/api/workers/SubscribeMessageWorker.java;NONE
/home/arthur/analysis/projects/java/revisions/rev_6a231a5_e0957ee/rev_6a231a5-e0957ee/src/main/java/com/pubnub/api/workers/SubscribeMessageWorker.java;NONE
/home/arthur/analysis/projects/java/revisions/rev_6a231a5_e0957ee/rev_6a231a5-e0957ee/src/main/java/com/pubnub/api/workers/SubscribeMessageWorker.java;NONE
/home/arthur/analysis/projects/java/revisions/rev_6a231a5_e0957ee/rev_6a231a5-e0957ee/src/main/java/com/pubnub/api/workers/SubscribeMessageWorker.java;NONE
/home/arthur/analysis/projects/java/revisions/rev_6a231a5_e0957ee/rev_6a231a5-e0957ee/src/test/java/com/pubnub/api/managers/SubscriptionManagerTest.java;MINE
/home/arthur/analysis/projects/java/revisions/rev_6a231a5_e0957ee/rev_6a231a5-e0957ee/src/test/java/com/pubnub/api/managers/SubscriptionManagerTest.java;MINE
/home/arthur/analysis/projects/java/revisions/rev_6a231a5_e0957ee/rev_6a231a5-e0957ee/src/test/java/com/pubnub/api/managers/SubscriptionManagerTest.java;MINE
/home/arthur/analysis/projects/java/revisions/rev_6a231a5_e0957ee/rev_6a231a5-e0957ee/src/test/java/com/pubnub/api/managers/SubscriptionManagerTest.java;MINE
/home/arthur/analysis/projects/java/revisions/rev_6a231a5_e0957ee/rev_6a231a5-e0957ee/src/test/java/com/pubnub/api/managers/SubscriptionManagerTest.java;MINE
/home/arthur/analysis/projects/java/revisions/rev_6a231a5_e0957ee/rev_6a231a5-e0957ee/src/test/java/com/pubnub/api/managers/SubscriptionManagerTest.java;MINE
/home/arthur/analysis/projects/java/revisions/rev_6a231a5_e0957ee/rev_6a231a5-e0957ee/src/test/java/com/pubnub/api/managers/SubscriptionManagerTest.java;MINE
/home/arthur/analysis/projects/java/revisions/rev_6a231a5_e0957ee/rev_6a231a5-e0957ee/src/test/java/com/pubnub/api/managers/SubscriptionManagerTest.java;MINE
/home/arthur/analysis/projects/java/revisions/rev_6a231a5_e0957ee/rev_6a231a5-e0957ee/src/test/java/com/pubnub/api/endpoints/pubsub/SubscribeEndpointTest.java;MINE
/home/arthur/analysis/projects/java/revisions/rev_6a231a5_e0957ee/rev_6a231a5-e0957ee/src/test/java/com/pubnub/api/endpoints/pubsub/SubscribeEndpointTest.java;NONE
/home/arthur/analysis/projects/java/revisions/rev_6a231a5_e0957ee/rev_6a231a5-e0957ee/src/test/java/com/pubnub/api/endpoints/push/ListPushProvisionsTest.java;MINE
/home/arthur/analysis/projects/java/revisions/rev_6a231a5_e0957ee/rev_6a231a5-e0957ee/src/test/java/com/pubnub/api/endpoints/push/ModifyPushChannelsForDeviceTest.java;MINE
/home/arthur/analysis/projects/java/revisions/rev_6a231a5_e0957ee/rev_6a231a5-e0957ee/src/test/java/com/pubnub/api/endpoints/TimeEndpointTest.java;MINE
/home/arthur/analysis/projects/java/revisions/rev_6a231a5_e0957ee/rev_6a231a5-e0957ee/src/test/java/com/pubnub/api/endpoints/access/AuditEndpointTest.java;MINE
/home/arthur/analysis/projects/java/revisions/rev_6a231a5_e0957ee/rev_6a231a5-e0957ee/src/test/java/com/pubnub/api/endpoints/access/AuditEndpointTest.java;NONE
/home/arthur/analysis/projects/java/revisions/rev_6a231a5_e0957ee/rev_6a231a5-e0957ee/src/test/java/com/pubnub/api/endpoints/access/AuditEndpointTest.java;NONE
/home/arthur/analysis/projects/java/revisions/rev_6a231a5_e0957ee/rev_6a231a5-e0957ee/src/test/java/com/pubnub/api/endpoints/access/AuditEndpointTest.java;NONE
/home/arthur/analysis/projects/java/revisions/rev_6a231a5_e0957ee/rev_6a231a5-e0957ee/src/test/java/com/pubnub/api/endpoints/access/AuditEndpointTest.java;NONE
/home/arthur/analysis/projects/java/revisions/rev_6a231a5_e0957ee/rev_6a231a5-e0957ee/src/test/java/com/pubnub/api/endpoints/access/AuditEndpointTest.java;NONE
/home/arthur/analysis/projects/java/revisions/rev_6a231a5_e0957ee/rev_6a231a5-e0957ee/src/test/java/com/pubnub/api/endpoints/access/AuditEndpointTest.java;NONE
/home/arthur/analysis/projects/java/revisions/rev_6a231a5_e0957ee/rev_6a231a5-e0957ee/src/test/java/com/pubnub/api/endpoints/access/AuditEndpointTest.java;NONE
/home/arthur/analysis/projects/java/revisions/rev_6a231a5_e0957ee/rev_6a231a5-e0957ee/src/test/java/com/pubnub/api/endpoints/access/AuditEndpointTest.java;NONE
/home/arthur/analysis/projects/java/revisions/rev_6a231a5_e0957ee/rev_6a231a5-e0957ee/src/test/java/com/pubnub/api/endpoints/access/AuditEndpointTest.java;NONE
/home/arthur/analysis/projects/java/revisions/rev_6a231a5_e0957ee/rev_6a231a5-e0957ee/src/test/java/com/pubnub/api/endpoints/access/AuditEndpointTest.java;NONE
/home/arthur/analysis/projects/java/revisions/rev_6a231a5_e0957ee/rev_6a231a5-e0957ee/src/test/java/com/pubnub/api/endpoints/access/GrantEndpointTest.java;MINE
/home/arthur/analysis/projects/java/revisions/rev_6a231a5_e0957ee/rev_6a231a5-e0957ee/src/test/java/com/pubnub/api/endpoints/access/GrantEndpointTest.java;NONE
/home/arthur/analysis/projects/java/revisions/rev_6a231a5_e0957ee/rev_6a231a5-e0957ee/src/test/java/com/pubnub/api/endpoints/access/GrantEndpointTest.java;NONE
/home/arthur/analysis/projects/java/revisions/rev_6a231a5_e0957ee/rev_6a231a5-e0957ee/src/test/java/com/pubnub/api/endpoints/access/GrantEndpointTest.java;NONE
/home/arthur/analysis/projects/java/revisions/rev_6a231a5_e0957ee/rev_6a231a5-e0957ee/src/test/java/com/pubnub/api/endpoints/access/GrantEndpointTest.java;NONE
/home/arthur/analysis/projects/java/revisions/rev_6a231a5_e0957ee/rev_6a231a5-e0957ee/src/test/java/com/pubnub/api/endpoints/access/GrantEndpointTest.java;NONE
/home/arthur/analysis/projects/java/revisions/rev_6a231a5_e0957ee/rev_6a231a5-e0957ee/src/test/java/com/pubnub/api/endpoints/access/GrantEndpointTest.java;NONE
/home/arthur/analysis/projects/java/revisions/rev_6a231a5_e0957ee/rev_6a231a5-e0957ee/src/test/java/com/pubnub/api/endpoints/access/GrantEndpointTest.java;NONE
/home/arthur/analysis/projects/java/revisions/rev_6a231a5_e0957ee/rev_6a231a5-e0957ee/src/test/java/com/pubnub/api/endpoints/access/GrantEndpointTest.java;NONE
/home/arthur/analysis/projects/java/revisions/rev_6a231a5_e0957ee/rev_6a231a5-e0957ee/src/test/java/com/pubnub/api/endpoints/access/GrantEndpointTest.java;NONE
/home/arthur/analysis/projects/java/revisions/rev_6a231a5_e0957ee/rev_6a231a5-e0957ee/src/test/java/com/pubnub/api/endpoints/access/GrantEndpointTest.java;NONE
/home/arthur/analysis/projects/java/revisions/rev_6a231a5_e0957ee/rev_6a231a5-e0957ee/src/test/java/com/pubnub/api/endpoints/channel_groups/AddChannelChannelGroupEndpointTest.java;MINE
/home/arthur/analysis/projects/java/revisions/rev_6a231a5_e0957ee/rev_6a231a5-e0957ee/src/test/java/com/pubnub/api/endpoints/channel_groups/AddChannelChannelGroupEndpointTest.java;NONE
/home/arthur/analysis/projects/java/revisions/rev_6a231a5_e0957ee/rev_6a231a5-e0957ee/src/test/java/com/pubnub/api/endpoints/channel_groups/AddChannelChannelGroupEndpointTest.java;NONE
/home/arthur/analysis/projects/java/revisions/rev_6a231a5_e0957ee/rev_6a231a5-e0957ee/src/test/java/com/pubnub/api/endpoints/channel_groups/AddChannelChannelGroupEndpointTest.java;NONE
/home/arthur/analysis/projects/java/revisions/rev_6a231a5_e0957ee/rev_6a231a5-e0957ee/src/test/java/com/pubnub/api/endpoints/channel_groups/AddChannelChannelGroupEndpointTest.java;NONE
/home/arthur/analysis/projects/java/revisions/rev_6a231a5_e0957ee/rev_6a231a5-e0957ee/src/test/java/com/pubnub/api/endpoints/channel_groups/DeleteChannelGroupEndpointTest.java;MINE
/home/arthur/analysis/projects/java/revisions/rev_6a231a5_e0957ee/rev_6a231a5-e0957ee/src/test/java/com/pubnub/api/endpoints/channel_groups/DeleteChannelGroupEndpointTest.java;NONE
/home/arthur/analysis/projects/java/revisions/rev_6a231a5_e0957ee/rev_6a231a5-e0957ee/src/test/java/com/pubnub/api/endpoints/channel_groups/DeleteChannelGroupEndpointTest.java;NONE
/home/arthur/analysis/projects/java/revisions/rev_6a231a5_e0957ee/rev_6a231a5-e0957ee/src/test/java/com/pubnub/api/endpoints/channel_groups/DeleteChannelGroupEndpointTest.java;NONE
/home/arthur/analysis/projects/java/revisions/rev_6a231a5_e0957ee/rev_6a231a5-e0957ee/src/test/java/com/pubnub/api/endpoints/channel_groups/ListAllChannelGroupEndpointTest.java;MINE
/home/arthur/analysis/projects/java/revisions/rev_6a231a5_e0957ee/rev_6a231a5-e0957ee/src/test/java/com/pubnub/api/endpoints/channel_groups/ListAllChannelGroupEndpointTest.java;NONE
/home/arthur/analysis/projects/java/revisions/rev_6a231a5_e0957ee/rev_6a231a5-e0957ee/src/test/java/com/pubnub/api/endpoints/channel_groups/AllChannelsChannelGroupEndpointTest.java;MINE
/home/arthur/analysis/projects/java/revisions/rev_6a231a5_e0957ee/rev_6a231a5-e0957ee/src/test/java/com/pubnub/api/endpoints/channel_groups/AllChannelsChannelGroupEndpointTest.java;NONE
/home/arthur/analysis/projects/java/revisions/rev_6a231a5_e0957ee/rev_6a231a5-e0957ee/src/test/java/com/pubnub/api/endpoints/channel_groups/AllChannelsChannelGroupEndpointTest.java;NONE
/home/arthur/analysis/projects/java/revisions/rev_6a231a5_e0957ee/rev_6a231a5-e0957ee/src/test/java/com/pubnub/api/endpoints/channel_groups/AllChannelsChannelGroupEndpointTest.java;NONE
/home/arthur/analysis/projects/java/revisions/rev_6a231a5_e0957ee/rev_6a231a5-e0957ee/src/test/java/com/pubnub/api/endpoints/channel_groups/RemoveChannelChannelGroupEndpointTest.java;MINE
/home/arthur/analysis/projects/java/revisions/rev_6a231a5_e0957ee/rev_6a231a5-e0957ee/src/test/java/com/pubnub/api/endpoints/channel_groups/RemoveChannelChannelGroupEndpointTest.java;NONE
/home/arthur/analysis/projects/java/revisions/rev_6a231a5_e0957ee/rev_6a231a5-e0957ee/src/test/java/com/pubnub/api/endpoints/channel_groups/RemoveChannelChannelGroupEndpointTest.java;NONE
/home/arthur/analysis/projects/java/revisions/rev_6a231a5_e0957ee/rev_6a231a5-e0957ee/src/test/java/com/pubnub/api/endpoints/channel_groups/RemoveChannelChannelGroupEndpointTest.java;NONE
/home/arthur/analysis/projects/java/revisions/rev_6a231a5_e0957ee/rev_6a231a5-e0957ee/src/test/java/com/pubnub/api/endpoints/presence/WhereNowEndpointTest.java;MINE
/home/arthur/analysis/projects/java/revisions/rev_6a231a5_e0957ee/rev_6a231a5-e0957ee/src/test/java/com/pubnub/api/endpoints/presence/WhereNowEndpointTest.java;NONE
/home/arthur/analysis/projects/java/revisions/rev_6a231a5_e0957ee/rev_6a231a5-e0957ee/src/test/java/com/pubnub/api/endpoints/presence/WhereNowEndpointTest.java;NONE
/home/arthur/analysis/projects/java/revisions/rev_6a231a5_e0957ee/rev_6a231a5-e0957ee/src/test/java/com/pubnub/api/endpoints/presence/WhereNowEndpointTest.java;NONE
/home/arthur/analysis/projects/java/revisions/rev_6a231a5_e0957ee/rev_6a231a5-e0957ee/src/test/java/com/pubnub/api/endpoints/presence/WhereNowEndpointTest.java;NONE
/home/arthur/analysis/projects/java/revisions/rev_6a231a5_e0957ee/rev_6a231a5-e0957ee/src/test/java/com/pubnub/api/endpoints/presence/HereNowEndpointTest.java;MINE
/home/arthur/analysis/projects/java/revisions/rev_6a231a5_e0957ee/rev_6a231a5-e0957ee/src/test/java/com/pubnub/api/endpoints/presence/HereNowEndpointTest.java;NONE
/home/arthur/analysis/projects/java/revisions/rev_6a231a5_e0957ee/rev_6a231a5-e0957ee/src/test/java/com/pubnub/api/endpoints/presence/HereNowEndpointTest.java;NONE
/home/arthur/analysis/projects/java/revisions/rev_6a231a5_e0957ee/rev_6a231a5-e0957ee/src/test/java/com/pubnub/api/endpoints/presence/HereNowEndpointTest.java;NONE
/home/arthur/analysis/projects/java/revisions/rev_6a231a5_e0957ee/rev_6a231a5-e0957ee/src/test/java/com/pubnub/api/endpoints/presence/GetStateEndpointTest.java;MINE
/home/arthur/analysis/projects/java/revisions/rev_6a231a5_e0957ee/rev_6a231a5-e0957ee/src/test/java/com/pubnub/api/endpoints/presence/GetStateEndpointTest.java;NONE
/home/arthur/analysis/projects/java/revisions/rev_6a231a5_e0957ee/rev_6a231a5-e0957ee/src/test/java/com/pubnub/api/endpoints/presence/GetStateEndpointTest.java;NONE
/home/arthur/analysis/projects/java/revisions/rev_6a231a5_e0957ee/rev_6a231a5-e0957ee/src/test/java/com/pubnub/api/endpoints/presence/GetStateEndpointTest.java;NONE
/home/arthur/analysis/projects/java/revisions/rev_6a231a5_e0957ee/rev_6a231a5-e0957ee/src/test/java/com/pubnub/api/endpoints/presence/GetStateEndpointTest.java;NONE
/home/arthur/analysis/projects/java/revisions/rev_6a231a5_e0957ee/rev_6a231a5-e0957ee/src/test/java/com/pubnub/api/endpoints/presence/LeaveTest.java;MINE
/home/arthur/analysis/projects/java/revisions/rev_6a231a5_e0957ee/rev_6a231a5-e0957ee/src/test/java/PubNubExceptionTest.java;MINE
/home/arthur/analysis/projects/java/revisions/rev_6a231a5_e0957ee/rev_6a231a5-e0957ee/src/test/java/PubNubExceptionTest.java;YOURS
/home/arthur/analysis/projects/netty-socketio/revisions/rev_fcc7d33_05ec7d3/rev_fcc7d33-05ec7d3/src/main/java/com/corundumstudio/socketio/SocketIOServer.java;MINE
/home/arthur/analysis/projects/netty-socketio/revisions/rev_fcc7d33_05ec7d3/rev_fcc7d33-05ec7d3/src/main/java/com/corundumstudio/socketio/SocketIOServer.java;YOURS
/home/arthur/analysis/projects/ExoPlayer/revisions/rev_a1d5626_d15da1f/rev_a1d5626-d15da1f/demo_misc/vp9_opus_sw/src/main/java/com/google/android/exoplayer/demo/vp9opus/VideoPlayer.java;NONE
/home/arthur/analysis/projects/ExoPlayer/revisions/rev_a1d5626_d15da1f/rev_a1d5626-d15da1f/demo_misc/vp9_opus_sw/src/main/java/com/google/android/exoplayer/demo/vp9opus/VideoPlayer.java;NONE
/home/arthur/analysis/projects/ExoPlayer/revisions/rev_a1d5626_d15da1f/rev_a1d5626-d15da1f/extensions/vp9/src/main/java/com/google/android/exoplayer/ext/vp9/LibvpxVideoTrackRenderer.java;NONE
/home/arthur/analysis/projects/ExoPlayer/revisions/rev_a1d5626_d15da1f/rev_a1d5626-d15da1f/extensions/vp9/src/main/java/com/google/android/exoplayer/ext/vp9/LibvpxVideoTrackRenderer.java;NONE
/home/arthur/analysis/projects/ExoPlayer/revisions/rev_a1d5626_d15da1f/rev_a1d5626-d15da1f/extensions/vp9/src/main/java/com/google/android/exoplayer/ext/vp9/LibvpxVideoTrackRenderer.java;NONE
/home/arthur/analysis/projects/ExoPlayer/revisions/rev_a1d5626_d15da1f/rev_a1d5626-d15da1f/extensions/vp9/src/main/java/com/google/android/exoplayer/ext/vp9/LibvpxVideoTrackRenderer.java;NONE
/home/arthur/analysis/projects/ExoPlayer/revisions/rev_a1d5626_d15da1f/rev_a1d5626-d15da1f/extensions/vp9/src/main/java/com/google/android/exoplayer/ext/vp9/LibvpxVideoTrackRenderer.java;NONE
/home/arthur/analysis/projects/ExoPlayer/revisions/rev_a1d5626_d15da1f/rev_a1d5626-d15da1f/extensions/vp9/src/main/java/com/google/android/exoplayer/ext/vp9/LibvpxVideoTrackRenderer.java;NONE
/home/arthur/analysis/projects/ExoPlayer/revisions/rev_a1d5626_d15da1f/rev_a1d5626-d15da1f/extensions/vp9/src/main/java/com/google/android/exoplayer/ext/vp9/LibvpxVideoTrackRenderer.java;NONE
/home/arthur/analysis/projects/ExoPlayer/revisions/rev_a1d5626_d15da1f/rev_a1d5626-d15da1f/extensions/vp9/src/main/java/com/google/android/exoplayer/ext/vp9/LibvpxVideoTrackRenderer.java;NONE
/home/arthur/analysis/projects/ExoPlayer/revisions/rev_a1d5626_d15da1f/rev_a1d5626-d15da1f/extensions/vp9/src/main/java/com/google/android/exoplayer/ext/vp9/LibvpxVideoTrackRenderer.java;NONE
/home/arthur/analysis/projects/ExoPlayer/revisions/rev_a1d5626_d15da1f/rev_a1d5626-d15da1f/extensions/vp9/src/main/java/com/google/android/exoplayer/ext/vp9/LibvpxVideoTrackRenderer.java;NONE
/home/arthur/analysis/projects/ExoPlayer/revisions/rev_a1d5626_d15da1f/rev_a1d5626-d15da1f/extensions/vp9/src/main/java/com/google/android/exoplayer/ext/vp9/LibvpxVideoTrackRenderer.java;NONE
/home/arthur/analysis/projects/ExoPlayer/revisions/rev_a1d5626_d15da1f/rev_a1d5626-d15da1f/extensions/vp9/src/main/java/com/google/android/exoplayer/ext/vp9/LibvpxVideoTrackRenderer.java;NONE
/home/arthur/analysis/projects/ExoPlayer/revisions/rev_a1d5626_d15da1f/rev_a1d5626-d15da1f/extensions/vp9/src/main/java/com/google/android/exoplayer/ext/vp9/VpxVideoSurfaceView.java;NONE
/home/arthur/analysis/projects/ExoPlayer/revisions/rev_a1d5626_d15da1f/rev_a1d5626-d15da1f/extensions/vp9/src/main/java/com/google/android/exoplayer/ext/vp9/VpxDecoder.java;NONE
/home/arthur/analysis/projects/ExoPlayer/revisions/rev_a1d5626_d15da1f/rev_a1d5626-d15da1f/extensions/vp9/src/main/java/com/google/android/exoplayer/ext/vp9/VpxRenderer.java;NONE
/home/arthur/analysis/projects/ExoPlayer/revisions/rev_a1d5626_d15da1f/rev_a1d5626-d15da1f/extensions/vp9/src/main/java/com/google/android/exoplayer/ext/vp9/VpxRenderer.java;NONE
/home/arthur/analysis/projects/ExoPlayer/revisions/rev_a1d5626_d15da1f/rev_a1d5626-d15da1f/library/src/main/java/com/google/android/exoplayer/text/ttml/TtmlRenderUtil.java;NONE
/home/arthur/analysis/projects/ExoPlayer/revisions/rev_a1d5626_d15da1f/rev_a1d5626-d15da1f/library/src/main/java/com/google/android/exoplayer/text/ttml/TtmlRenderUtil.java;NONE
/home/arthur/analysis/projects/ExoPlayer/revisions/rev_a1d5626_d15da1f/rev_a1d5626-d15da1f/library/src/main/java/com/google/android/exoplayer/text/ttml/TtmlRenderUtil.java;NONE
/home/arthur/analysis/projects/ExoPlayer/revisions/rev_a1d5626_d15da1f/rev_a1d5626-d15da1f/library/src/main/java/com/google/android/exoplayer/extractor/mp3/ConstantBitrateSeeker.java;NONE
/home/arthur/analysis/projects/ExoPlayer/revisions/rev_a1d5626_d15da1f/rev_a1d5626-d15da1f/library/src/main/java/com/google/android/exoplayer/extractor/mp3/XingSeeker.java;NONE
/home/arthur/analysis/projects/ExoPlayer/revisions/rev_a1d5626_d15da1f/rev_a1d5626-d15da1f/extensions/vp9/src/main/java/com/google/android/exoplayer/ext/vp9/LibvpxVideoTrackRenderer.java;NONE
/home/arthur/analysis/projects/ExoPlayer/revisions/rev_a1d5626_d15da1f/rev_a1d5626-d15da1f/extensions/vp9/src/main/java/com/google/android/exoplayer/ext/vp9/LibvpxVideoTrackRenderer.java;NONE
/home/arthur/analysis/projects/ExoPlayer/revisions/rev_a1d5626_d15da1f/rev_a1d5626-d15da1f/extensions/vp9/src/main/java/com/google/android/exoplayer/ext/vp9/LibvpxVideoTrackRenderer.java;NONE
/home/arthur/analysis/projects/ExoPlayer/revisions/rev_a1d5626_d15da1f/rev_a1d5626-d15da1f/extensions/vp9/src/main/java/com/google/android/exoplayer/ext/vp9/LibvpxVideoTrackRenderer.java;MINE
/home/arthur/analysis/projects/ExoPlayer/revisions/rev_a1d5626_d15da1f/rev_a1d5626-d15da1f/extensions/vp9/src/main/java/com/google/android/exoplayer/ext/vp9/VpxRenderer.java;MINE
/home/arthur/analysis/projects/ExoPlayer/revisions/rev_a1d5626_d15da1f/rev_a1d5626-d15da1f/extensions/vp9/src/main/java/com/google/android/exoplayer/ext/vp9/VpxRenderer.java;MINE
/home/arthur/analysis/projects/ExoPlayer/revisions/rev_a1d5626_d15da1f/rev_a1d5626-d15da1f/extensions/vp9/src/main/java/com/google/android/exoplayer/ext/vp9/VpxRenderer.java;NONE
/home/arthur/analysis/projects/ExoPlayer/revisions/rev_a1d5626_d15da1f/rev_a1d5626-d15da1f/extensions/vp9/src/main/java/com/google/android/exoplayer/ext/vp9/VpxRenderer.java;YOURS
/home/arthur/analysis/projects/ExoPlayer/revisions/rev_69a42b6_6b59975/rev_69a42b6-6b59975/library/src/androidTest/java/com/google/android/exoplayer/text/webvtt/WebvttParserTest.java;NONE
/home/arthur/analysis/projects/ExoPlayer/revisions/rev_69a42b6_6b59975/rev_69a42b6-6b59975/library/src/androidTest/java/com/google/android/exoplayer/text/ttml/TtmlParserTest.java;NONE
/home/arthur/analysis/projects/ExoPlayer/revisions/rev_69a42b6_6b59975/rev_69a42b6-6b59975/library/src/main/java/com/google/android/exoplayer/text/tx3g/Tx3gParser.java;NONE
/home/arthur/analysis/projects/ExoPlayer/revisions/rev_69a42b6_6b59975/rev_69a42b6-6b59975/library/src/main/java/com/google/android/exoplayer/text/webvtt/WebvttParserUtil.java;NONE
/home/arthur/analysis/projects/ExoPlayer/revisions/rev_69a42b6_6b59975/rev_69a42b6-6b59975/library/src/main/java/com/google/android/exoplayer/text/webvtt/WebvttParserUtil.java;NONE
/home/arthur/analysis/projects/ExoPlayer/revisions/rev_69a42b6_6b59975/rev_69a42b6-6b59975/library/src/main/java/com/google/android/exoplayer/text/SubtitleParserHelper.java;NONE
/home/arthur/analysis/projects/ExoPlayer/revisions/rev_69a42b6_6b59975/rev_69a42b6-6b59975/library/src/main/java/com/google/android/exoplayer/text/SubtitleParser.java;NONE
/home/arthur/analysis/projects/ExoPlayer/revisions/rev_69a42b6_6b59975/rev_69a42b6-6b59975/library/src/main/java/com/google/android/exoplayer/text/SubtitleParser.java;NONE
/home/arthur/analysis/projects/ExoPlayer/revisions/rev_69a42b6_6b59975/rev_69a42b6-6b59975/library/src/main/java/com/google/android/exoplayer/text/SubtitleParser.java;NONE
/home/arthur/analysis/projects/ExoPlayer/revisions/rev_69a42b6_6b59975/rev_69a42b6-6b59975/library/src/main/java/com/google/android/exoplayer/text/SubtitleParser.java;NONE
/home/arthur/analysis/projects/ExoPlayer/revisions/rev_69a42b6_6b59975/rev_69a42b6-6b59975/library/src/main/java/com/google/android/exoplayer/hls/WebvttExtractor.java;NONE
/home/arthur/analysis/projects/ExoPlayer/revisions/rev_69a42b6_6b59975/rev_69a42b6-6b59975/library/src/main/java/com/google/android/exoplayer/hls/WebvttExtractor.java;NONE
/home/arthur/analysis/projects/ExoPlayer/revisions/rev_69a42b6_6b59975/rev_69a42b6-6b59975/library/src/main/java/com/google/android/exoplayer/hls/WebvttExtractor.java;NONE
/home/arthur/analysis/projects/ExoPlayer/revisions/rev_69a42b6_6b59975/rev_69a42b6-6b59975/library/src/main/java/com/google/android/exoplayer/text/webvtt/WebvttParserUtil.java;YOURS
/home/arthur/analysis/projects/ExoPlayer/revisions/rev_69a42b6_6b59975/rev_69a42b6-6b59975/library/src/main/java/com/google/android/exoplayer/text/webvtt/WebvttParserUtil.java;YOURS
/home/arthur/analysis/projects/ExoPlayer/revisions/rev_93c2133_776da10/rev_93c2133-776da10/demo/src/main/java/com/google/android/exoplayer2/demo/EventLogger.java;NONE
/home/arthur/analysis/projects/ExoPlayer/revisions/rev_2c54363_8caaf0b/rev_2c54363-8caaf0b/demo/src/main/java/com/google/android/exoplayer2/demo/EventLogger.java;NONE
/home/arthur/analysis/projects/ExoPlayer/revisions/rev_e65110e_d79f8f6/rev_e65110e-d79f8f6/library/src/main/java/com/google/android/exoplayer2/ui/PlaybackControlView.java;NONE
/home/arthur/analysis/projects/ExoPlayer/revisions/rev_e65110e_d79f8f6/rev_e65110e-d79f8f6/library/src/main/java/com/google/android/exoplayer2/ui/PlaybackControlView.java;NONE
/home/arthur/analysis/projects/ExoPlayer/revisions/rev_e65110e_d79f8f6/rev_e65110e-d79f8f6/library/src/main/java/com/google/android/exoplayer2/ui/PlaybackControlView.java;NONE
/home/arthur/analysis/projects/ExoPlayer/revisions/rev_e65110e_d79f8f6/rev_e65110e-d79f8f6/library/src/main/java/com/google/android/exoplayer2/ui/PlaybackControlView.java;NONE
/home/arthur/analysis/projects/ExoPlayer/revisions/rev_e65110e_d79f8f6/rev_e65110e-d79f8f6/library/src/main/java/com/google/android/exoplayer2/ui/PlaybackControlView.java;NONE
/home/arthur/analysis/projects/ExoPlayer/revisions/rev_e65110e_d79f8f6/rev_e65110e-d79f8f6/library/src/main/java/com/google/android/exoplayer2/ui/PlaybackControlView.java;MINE
/home/arthur/analysis/projects/ExoPlayer/revisions/rev_e65110e_d79f8f6/rev_e65110e-d79f8f6/library/src/main/java/com/google/android/exoplayer2/ui/PlaybackControlView.java;MINE
/home/arthur/analysis/projects/ExoPlayer/revisions/rev_e65110e_d79f8f6/rev_e65110e-d79f8f6/library/src/main/java/com/google/android/exoplayer2/extractor/ts/H265Reader.java;YOURS
/home/arthur/analysis/projects/ExoPlayer/revisions/rev_e65110e_d79f8f6/rev_e65110e-d79f8f6/library/src/main/java/com/google/android/exoplayer2/extractor/ts/H265Reader.java;MINE
/home/arthur/analysis/projects/ExoPlayer/revisions/rev_94a3640_55ca323/rev_94a3640-55ca323/library/src/main/java/com/google/android/exoplayer2/text/SubtitleDecoderFactory.java;NONE
/home/arthur/analysis/projects/ExoPlayer/revisions/rev_94a3640_55ca323/rev_94a3640-55ca323/library/src/main/java/com/google/android/exoplayer2/text/SubtitleDecoderFactory.java;NONE
/home/arthur/analysis/projects/ExoPlayer/revisions/rev_2e7f9fb_0cacd38/rev_2e7f9fb-0cacd38/library/src/main/java/com/google/android/exoplayer2/BaseRenderer.java;MINE
/home/arthur/analysis/projects/ExoPlayer/revisions/rev_e713ddc_cbffc14/rev_e713ddc-cbffc14/demo/src/main/java/com/google/android/exoplayer2/demo/TrackSelectionHelper.java;NONE
/home/arthur/analysis/projects/ExoPlayer/revisions/rev_e713ddc_cbffc14/rev_e713ddc-cbffc14/extensions/okhttp/src/main/java/com/google/android/exoplayer2/ext/okhttp/OkHttpDataSourceFactory.java;NONE
/home/arthur/analysis/projects/ExoPlayer/revisions/rev_e713ddc_cbffc14/rev_e713ddc-cbffc14/extensions/okhttp/src/main/java/com/google/android/exoplayer2/ext/okhttp/OkHttpDataSourceFactory.java;NONE
/home/arthur/analysis/projects/ExoPlayer/revisions/rev_e713ddc_cbffc14/rev_e713ddc-cbffc14/extensions/okhttp/src/main/java/com/google/android/exoplayer2/ext/okhttp/OkHttpDataSourceFactory.java;NONE
/home/arthur/analysis/projects/ExoPlayer/revisions/rev_e713ddc_cbffc14/rev_e713ddc-cbffc14/extensions/okhttp/src/main/java/com/google/android/exoplayer2/ext/okhttp/OkHttpDataSourceFactory.java;NONE
/home/arthur/analysis/projects/ExoPlayer/revisions/rev_e713ddc_cbffc14/rev_e713ddc-cbffc14/library/hls/src/androidTest/java/com/google/android/exoplayer2/source/hls/playlist/HlsMasterPlaylistParserTest.java;NONE
/home/arthur/analysis/projects/ExoPlayer/revisions/rev_e713ddc_cbffc14/rev_e713ddc-cbffc14/library/hls/src/androidTest/java/com/google/android/exoplayer2/source/hls/playlist/HlsMasterPlaylistParserTest.java;NONE
/home/arthur/analysis/projects/ExoPlayer/revisions/rev_e713ddc_cbffc14/rev_e713ddc-cbffc14/library/hls/src/main/java/com/google/android/exoplayer2/source/hls/HlsMediaSource.java;NONE
/home/arthur/analysis/projects/ExoPlayer/revisions/rev_e713ddc_cbffc14/rev_e713ddc-cbffc14/library/hls/src/main/java/com/google/android/exoplayer2/source/hls/playlist/HlsMasterPlaylist.java;NONE
/home/arthur/analysis/projects/ExoPlayer/revisions/rev_e713ddc_cbffc14/rev_e713ddc-cbffc14/library/hls/src/main/java/com/google/android/exoplayer2/source/hls/playlist/HlsMasterPlaylist.java;NONE
/home/arthur/analysis/projects/ExoPlayer/revisions/rev_e713ddc_cbffc14/rev_e713ddc-cbffc14/library/hls/src/main/java/com/google/android/exoplayer2/source/hls/playlist/HlsMasterPlaylist.java;NONE
/home/arthur/analysis/projects/ExoPlayer/revisions/rev_e713ddc_cbffc14/rev_e713ddc-cbffc14/library/hls/src/main/java/com/google/android/exoplayer2/source/hls/playlist/HlsMasterPlaylist.java;NONE
/home/arthur/analysis/projects/ExoPlayer/revisions/rev_e713ddc_cbffc14/rev_e713ddc-cbffc14/library/hls/src/main/java/com/google/android/exoplayer2/source/hls/playlist/HlsMasterPlaylist.java;NONE
/home/arthur/analysis/projects/ExoPlayer/revisions/rev_e713ddc_cbffc14/rev_e713ddc-cbffc14/library/hls/src/main/java/com/google/android/exoplayer2/source/hls/HlsChunkSource.java;NONE
/home/arthur/analysis/projects/ExoPlayer/revisions/rev_e713ddc_cbffc14/rev_e713ddc-cbffc14/library/hls/src/main/java/com/google/android/exoplayer2/source/hls/HlsMediaChunk.java;NONE
/home/arthur/analysis/projects/ExoPlayer/revisions/rev_e713ddc_cbffc14/rev_e713ddc-cbffc14/library/hls/src/main/java/com/google/android/exoplayer2/source/hls/HlsMediaChunk.java;NONE
/home/arthur/analysis/projects/ExoPlayer/revisions/rev_e713ddc_cbffc14/rev_e713ddc-cbffc14/library/hls/src/main/java/com/google/android/exoplayer2/source/hls/HlsMediaChunk.java;NONE
/home/arthur/analysis/projects/ExoPlayer/revisions/rev_e713ddc_cbffc14/rev_e713ddc-cbffc14/library/core/src/androidTest/java/com/google/android/exoplayer2/util/ParsableNalUnitBitArrayTest.java;NONE
/home/arthur/analysis/projects/ExoPlayer/revisions/rev_e713ddc_cbffc14/rev_e713ddc-cbffc14/library/core/src/main/java/com/google/android/exoplayer2/text/ttml/TtmlRegion.java;NONE
/home/arthur/analysis/projects/ExoPlayer/revisions/rev_e713ddc_cbffc14/rev_e713ddc-cbffc14/library/core/src/main/java/com/google/android/exoplayer2/text/ttml/TtmlRegion.java;NONE
/home/arthur/analysis/projects/ExoPlayer/revisions/rev_e713ddc_cbffc14/rev_e713ddc-cbffc14/library/core/src/main/java/com/google/android/exoplayer2/audio/Sonic.java;NONE
/home/arthur/analysis/projects/ExoPlayer/revisions/rev_e713ddc_cbffc14/rev_e713ddc-cbffc14/library/core/src/main/java/com/google/android/exoplayer2/ExoPlayer.java;NONE
/home/arthur/analysis/projects/ExoPlayer/revisions/rev_e713ddc_cbffc14/rev_e713ddc-cbffc14/library/core/src/main/java/com/google/android/exoplayer2/ExoPlayer.java;NONE
/home/arthur/analysis/projects/ExoPlayer/revisions/rev_e713ddc_cbffc14/rev_e713ddc-cbffc14/library/core/src/main/java/com/google/android/exoplayer2/ExoPlayerFactory.java;NONE
/home/arthur/analysis/projects/ExoPlayer/revisions/rev_e713ddc_cbffc14/rev_e713ddc-cbffc14/library/core/src/main/java/com/google/android/exoplayer2/ExoPlayerFactory.java;NONE
/home/arthur/analysis/projects/ExoPlayer/revisions/rev_e713ddc_cbffc14/rev_e713ddc-cbffc14/library/core/src/main/java/com/google/android/exoplayer2/ExoPlayerFactory.java;NONE
/home/arthur/analysis/projects/ExoPlayer/revisions/rev_e713ddc_cbffc14/rev_e713ddc-cbffc14/library/core/src/main/java/com/google/android/exoplayer2/ExoPlayerFactory.java;NONE
/home/arthur/analysis/projects/ExoPlayer/revisions/rev_e713ddc_cbffc14/rev_e713ddc-cbffc14/library/core/src/main/java/com/google/android/exoplayer2/ExoPlayerFactory.java;NONE
/home/arthur/analysis/projects/ExoPlayer/revisions/rev_e713ddc_cbffc14/rev_e713ddc-cbffc14/library/core/src/main/java/com/google/android/exoplayer2/ExoPlayerFactory.java;NONE
/home/arthur/analysis/projects/ExoPlayer/revisions/rev_e713ddc_cbffc14/rev_e713ddc-cbffc14/library/core/src/main/java/com/google/android/exoplayer2/ExoPlayerFactory.java;NONE
/home/arthur/analysis/projects/ExoPlayer/revisions/rev_e713ddc_cbffc14/rev_e713ddc-cbffc14/library/core/src/main/java/com/google/android/exoplayer2/ExoPlayerFactory.java;NONE
/home/arthur/analysis/projects/ExoPlayer/revisions/rev_e713ddc_cbffc14/rev_e713ddc-cbffc14/library/core/src/main/java/com/google/android/exoplayer2/ExoPlayerFactory.java;NONE
/home/arthur/analysis/projects/ExoPlayer/revisions/rev_e713ddc_cbffc14/rev_e713ddc-cbffc14/library/core/src/main/java/com/google/android/exoplayer2/mediacodec/MediaCodecInfo.java;NONE
/home/arthur/analysis/projects/ExoPlayer/revisions/rev_e713ddc_cbffc14/rev_e713ddc-cbffc14/library/core/src/main/java/com/google/android/exoplayer2/mediacodec/MediaCodecInfo.java;NONE
/home/arthur/analysis/projects/ExoPlayer/revisions/rev_e713ddc_cbffc14/rev_e713ddc-cbffc14/library/core/src/main/java/com/google/android/exoplayer2/mediacodec/MediaCodecInfo.java;NONE
/home/arthur/analysis/projects/ExoPlayer/revisions/rev_e713ddc_cbffc14/rev_e713ddc-cbffc14/library/core/src/main/java/com/google/android/exoplayer2/mediacodec/MediaCodecInfo.java;NONE
/home/arthur/analysis/projects/ExoPlayer/revisions/rev_e713ddc_cbffc14/rev_e713ddc-cbffc14/library/core/src/main/java/com/google/android/exoplayer2/SimpleExoPlayer.java;NONE
/home/arthur/analysis/projects/ExoPlayer/revisions/rev_e713ddc_cbffc14/rev_e713ddc-cbffc14/library/core/src/main/java/com/google/android/exoplayer2/decoder/SimpleOutputBuffer.java;NONE
/home/arthur/analysis/projects/ExoPlayer/revisions/rev_e713ddc_cbffc14/rev_e713ddc-cbffc14/library/core/src/main/java/com/google/android/exoplayer2/video/MediaCodecVideoRenderer.java;NONE
/home/arthur/analysis/projects/ExoPlayer/revisions/rev_e713ddc_cbffc14/rev_e713ddc-cbffc14/library/core/src/main/java/com/google/android/exoplayer2/video/MediaCodecVideoRenderer.java;NONE
/home/arthur/analysis/projects/ExoPlayer/revisions/rev_e713ddc_cbffc14/rev_e713ddc-cbffc14/library/core/src/main/java/com/google/android/exoplayer2/video/MediaCodecVideoRenderer.java;NONE
/home/arthur/analysis/projects/ExoPlayer/revisions/rev_e713ddc_cbffc14/rev_e713ddc-cbffc14/library/core/src/main/java/com/google/android/exoplayer2/video/MediaCodecVideoRenderer.java;NONE
/home/arthur/analysis/projects/ExoPlayer/revisions/rev_e713ddc_cbffc14/rev_e713ddc-cbffc14/library/core/src/main/java/com/google/android/exoplayer2/video/MediaCodecVideoRenderer.java;NONE
/home/arthur/analysis/projects/ExoPlayer/revisions/rev_e713ddc_cbffc14/rev_e713ddc-cbffc14/library/core/src/main/java/com/google/android/exoplayer2/video/MediaCodecVideoRenderer.java;NONE
/home/arthur/analysis/projects/ExoPlayer/revisions/rev_e713ddc_cbffc14/rev_e713ddc-cbffc14/library/core/src/main/java/com/google/android/exoplayer2/video/MediaCodecVideoRenderer.java;NONE
/home/arthur/analysis/projects/ExoPlayer/revisions/rev_e713ddc_cbffc14/rev_e713ddc-cbffc14/library/core/src/main/java/com/google/android/exoplayer2/video/MediaCodecVideoRenderer.java;NONE
/home/arthur/analysis/projects/ExoPlayer/revisions/rev_e713ddc_cbffc14/rev_e713ddc-cbffc14/library/core/src/main/java/com/google/android/exoplayer2/video/MediaCodecVideoRenderer.java;NONE
/home/arthur/analysis/projects/ExoPlayer/revisions/rev_e713ddc_cbffc14/rev_e713ddc-cbffc14/library/core/src/main/java/com/google/android/exoplayer2/video/MediaCodecVideoRenderer.java;NONE
/home/arthur/analysis/projects/ExoPlayer/revisions/rev_e713ddc_cbffc14/rev_e713ddc-cbffc14/library/core/src/main/java/com/google/android/exoplayer2/video/MediaCodecVideoRenderer.java;NONE
/home/arthur/analysis/projects/ExoPlayer/revisions/rev_e713ddc_cbffc14/rev_e713ddc-cbffc14/library/core/src/main/java/com/google/android/exoplayer2/source/TrackGroup.java;NONE
/home/arthur/analysis/projects/ExoPlayer/revisions/rev_e713ddc_cbffc14/rev_e713ddc-cbffc14/library/core/src/main/java/com/google/android/exoplayer2/upstream/cache/CacheDataSourceFactory.java;NONE
/home/arthur/analysis/projects/ExoPlayer/revisions/rev_e713ddc_cbffc14/rev_e713ddc-cbffc14/library/core/src/main/java/com/google/android/exoplayer2/upstream/cache/CacheDataSourceFactory.java;NONE
/home/arthur/analysis/projects/ExoPlayer/revisions/rev_e713ddc_cbffc14/rev_e713ddc-cbffc14/library/core/src/main/java/com/google/android/exoplayer2/upstream/cache/CacheDataSourceFactory.java;NONE
/home/arthur/analysis/projects/ExoPlayer/revisions/rev_e713ddc_cbffc14/rev_e713ddc-cbffc14/library/core/src/main/java/com/google/android/exoplayer2/upstream/ContentDataSource.java;NONE
/home/arthur/analysis/projects/ExoPlayer/revisions/rev_e713ddc_cbffc14/rev_e713ddc-cbffc14/library/core/src/main/java/com/google/android/exoplayer2/upstream/ContentDataSource.java;NONE
/home/arthur/analysis/projects/ExoPlayer/revisions/rev_e713ddc_cbffc14/rev_e713ddc-cbffc14/library/core/src/main/java/com/google/android/exoplayer2/util/NalUnitUtil.java;NONE
/home/arthur/analysis/projects/ExoPlayer/revisions/rev_e713ddc_cbffc14/rev_e713ddc-cbffc14/library/core/src/main/java/com/google/android/exoplayer2/util/NalUnitUtil.java;NONE
/home/arthur/analysis/projects/ExoPlayer/revisions/rev_e713ddc_cbffc14/rev_e713ddc-cbffc14/library/core/src/main/java/com/google/android/exoplayer2/util/NalUnitUtil.java;NONE
/home/arthur/analysis/projects/ExoPlayer/revisions/rev_e713ddc_cbffc14/rev_e713ddc-cbffc14/library/core/src/main/java/com/google/android/exoplayer2/util/NalUnitUtil.java;NONE
/home/arthur/analysis/projects/ExoPlayer/revisions/rev_e713ddc_cbffc14/rev_e713ddc-cbffc14/library/core/src/main/java/com/google/android/exoplayer2/util/NalUnitUtil.java;NONE
/home/arthur/analysis/projects/ExoPlayer/revisions/rev_e713ddc_cbffc14/rev_e713ddc-cbffc14/library/core/src/main/java/com/google/android/exoplayer2/util/ParsableBitArray.java;NONE
/home/arthur/analysis/projects/ExoPlayer/revisions/rev_e713ddc_cbffc14/rev_e713ddc-cbffc14/library/core/src/main/java/com/google/android/exoplayer2/util/ParsableBitArray.java;NONE
/home/arthur/analysis/projects/ExoPlayer/revisions/rev_e713ddc_cbffc14/rev_e713ddc-cbffc14/library/core/src/main/java/com/google/android/exoplayer2/util/ParsableBitArray.java;NONE
/home/arthur/analysis/projects/ExoPlayer/revisions/rev_e713ddc_cbffc14/rev_e713ddc-cbffc14/library/core/src/main/java/com/google/android/exoplayer2/util/ParsableNalUnitBitArray.java;NONE
/home/arthur/analysis/projects/ExoPlayer/revisions/rev_e713ddc_cbffc14/rev_e713ddc-cbffc14/library/core/src/main/java/com/google/android/exoplayer2/util/ParsableNalUnitBitArray.java;NONE
/home/arthur/analysis/projects/ExoPlayer/revisions/rev_e713ddc_cbffc14/rev_e713ddc-cbffc14/library/core/src/main/java/com/google/android/exoplayer2/util/ParsableNalUnitBitArray.java;NONE
/home/arthur/analysis/projects/ExoPlayer/revisions/rev_e713ddc_cbffc14/rev_e713ddc-cbffc14/library/core/src/main/java/com/google/android/exoplayer2/util/ParsableNalUnitBitArray.java;NONE
/home/arthur/analysis/projects/ExoPlayer/revisions/rev_e713ddc_cbffc14/rev_e713ddc-cbffc14/library/core/src/main/java/com/google/android/exoplayer2/util/ParsableNalUnitBitArray.java;NONE
/home/arthur/analysis/projects/ExoPlayer/revisions/rev_e713ddc_cbffc14/rev_e713ddc-cbffc14/library/core/src/main/java/com/google/android/exoplayer2/util/ParsableNalUnitBitArray.java;NONE
/home/arthur/analysis/projects/ExoPlayer/revisions/rev_e713ddc_cbffc14/rev_e713ddc-cbffc14/library/core/src/main/java/com/google/android/exoplayer2/util/ParsableNalUnitBitArray.java;NONE
/home/arthur/analysis/projects/ExoPlayer/revisions/rev_e713ddc_cbffc14/rev_e713ddc-cbffc14/library/core/src/main/java/com/google/android/exoplayer2/util/ParsableNalUnitBitArray.java;NONE
/home/arthur/analysis/projects/ExoPlayer/revisions/rev_e713ddc_cbffc14/rev_e713ddc-cbffc14/library/core/src/main/java/com/google/android/exoplayer2/util/FlacStreamInfo.java;NONE
/home/arthur/analysis/projects/ExoPlayer/revisions/rev_e713ddc_cbffc14/rev_e713ddc-cbffc14/library/core/src/main/java/com/google/android/exoplayer2/util/Util.java;NONE
/home/arthur/analysis/projects/ExoPlayer/revisions/rev_e713ddc_cbffc14/rev_e713ddc-cbffc14/library/core/src/main/java/com/google/android/exoplayer2/extractor/DefaultExtractorsFactory.java;NONE
/home/arthur/analysis/projects/ExoPlayer/revisions/rev_e713ddc_cbffc14/rev_e713ddc-cbffc14/library/core/src/main/java/com/google/android/exoplayer2/extractor/DefaultExtractorsFactory.java;NONE
/home/arthur/analysis/projects/ExoPlayer/revisions/rev_e713ddc_cbffc14/rev_e713ddc-cbffc14/library/core/src/main/java/com/google/android/exoplayer2/extractor/mp3/ConstantBitrateSeeker.java;NONE
/home/arthur/analysis/projects/ExoPlayer/revisions/rev_e713ddc_cbffc14/rev_e713ddc-cbffc14/library/core/src/main/java/com/google/android/exoplayer2/extractor/flv/AudioTagPayloadReader.java;NONE
/home/arthur/analysis/projects/ExoPlayer/revisions/rev_e713ddc_cbffc14/rev_e713ddc-cbffc14/library/core/src/main/java/com/google/android/exoplayer2/extractor/ts/SeiReader.java;NONE
/home/arthur/analysis/projects/ExoPlayer/revisions/rev_e713ddc_cbffc14/rev_e713ddc-cbffc14/library/core/src/main/java/com/google/android/exoplayer2/extractor/ts/H265Reader.java;NONE
/home/arthur/analysis/projects/ExoPlayer/revisions/rev_e713ddc_cbffc14/rev_e713ddc-cbffc14/library/core/src/main/java/com/google/android/exoplayer2/extractor/ts/H265Reader.java;NONE
/home/arthur/analysis/projects/ExoPlayer/revisions/rev_e713ddc_cbffc14/rev_e713ddc-cbffc14/library/core/src/main/java/com/google/android/exoplayer2/extractor/ts/H265Reader.java;NONE
/home/arthur/analysis/projects/ExoPlayer/revisions/rev_e713ddc_cbffc14/rev_e713ddc-cbffc14/library/core/src/main/java/com/google/android/exoplayer2/extractor/ts/H265Reader.java;NONE
/home/arthur/analysis/projects/ExoPlayer/revisions/rev_e713ddc_cbffc14/rev_e713ddc-cbffc14/library/core/src/main/java/com/google/android/exoplayer2/extractor/ts/H265Reader.java;NONE
/home/arthur/analysis/projects/ExoPlayer/revisions/rev_e713ddc_cbffc14/rev_e713ddc-cbffc14/library/core/src/main/java/com/google/android/exoplayer2/extractor/ts/H265Reader.java;NONE
/home/arthur/analysis/projects/ExoPlayer/revisions/rev_e713ddc_cbffc14/rev_e713ddc-cbffc14/library/core/src/main/java/com/google/android/exoplayer2/extractor/ts/H265Reader.java;NONE
/home/arthur/analysis/projects/ExoPlayer/revisions/rev_e713ddc_cbffc14/rev_e713ddc-cbffc14/library/core/src/main/java/com/google/android/exoplayer2/extractor/ogg/VorbisBitArray.java;NONE
/home/arthur/analysis/projects/ExoPlayer/revisions/rev_e713ddc_cbffc14/rev_e713ddc-cbffc14/library/core/src/main/java/com/google/android/exoplayer2/extractor/ogg/VorbisBitArray.java;NONE
/home/arthur/analysis/projects/ExoPlayer/revisions/rev_e713ddc_cbffc14/rev_e713ddc-cbffc14/library/core/src/main/java/com/google/android/exoplayer2/extractor/ogg/VorbisBitArray.java;NONE
/home/arthur/analysis/projects/ExoPlayer/revisions/rev_e713ddc_cbffc14/rev_e713ddc-cbffc14/library/core/src/main/java/com/google/android/exoplayer2/extractor/ogg/VorbisBitArray.java;NONE
/home/arthur/analysis/projects/ExoPlayer/revisions/rev_e713ddc_cbffc14/rev_e713ddc-cbffc14/library/core/src/main/java/com/google/android/exoplayer2/extractor/ogg/VorbisBitArray.java;NONE
/home/arthur/analysis/projects/ExoPlayer/revisions/rev_e713ddc_cbffc14/rev_e713ddc-cbffc14/library/core/src/main/java/com/google/android/exoplayer2/extractor/ogg/VorbisBitArray.java;NONE
/home/arthur/analysis/projects/ExoPlayer/revisions/rev_e713ddc_cbffc14/rev_e713ddc-cbffc14/library/core/src/main/java/com/google/android/exoplayer2/extractor/ogg/VorbisBitArray.java;NONE
/home/arthur/analysis/projects/ExoPlayer/revisions/rev_e713ddc_cbffc14/rev_e713ddc-cbffc14/library/core/src/main/java/com/google/android/exoplayer2/extractor/ogg/VorbisBitArray.java;NONE
/home/arthur/analysis/projects/ExoPlayer/revisions/rev_e713ddc_cbffc14/rev_e713ddc-cbffc14/library/core/src/main/java/com/google/android/exoplayer2/trackselection/AdaptiveTrackSelection.java;NONE
/home/arthur/analysis/projects/ExoPlayer/revisions/rev_e713ddc_cbffc14/rev_e713ddc-cbffc14/library/core/src/main/java/com/google/android/exoplayer2/trackselection/AdaptiveTrackSelection.java;NONE
/home/arthur/analysis/projects/ExoPlayer/revisions/rev_e713ddc_cbffc14/rev_e713ddc-cbffc14/library/core/src/main/java/com/google/android/exoplayer2/trackselection/AdaptiveTrackSelection.java;NONE
/home/arthur/analysis/projects/ExoPlayer/revisions/rev_e713ddc_cbffc14/rev_e713ddc-cbffc14/library/core/src/main/java/com/google/android/exoplayer2/trackselection/AdaptiveTrackSelection.java;NONE
/home/arthur/analysis/projects/ExoPlayer/revisions/rev_e713ddc_cbffc14/rev_e713ddc-cbffc14/library/core/src/main/java/com/google/android/exoplayer2/trackselection/AdaptiveTrackSelection.java;NONE
/home/arthur/analysis/projects/ExoPlayer/revisions/rev_e713ddc_cbffc14/rev_e713ddc-cbffc14/library/ui/src/main/java/com/google/android/exoplayer2/ui/DefaultTimeBar.java;NONE
/home/arthur/analysis/projects/ExoPlayer/revisions/rev_e713ddc_cbffc14/rev_e713ddc-cbffc14/library/ui/src/main/java/com/google/android/exoplayer2/ui/DefaultTimeBar.java;NONE
/home/arthur/analysis/projects/ExoPlayer/revisions/rev_e713ddc_cbffc14/rev_e713ddc-cbffc14/library/ui/src/main/java/com/google/android/exoplayer2/ui/DefaultTimeBar.java;NONE
/home/arthur/analysis/projects/ExoPlayer/revisions/rev_e713ddc_cbffc14/rev_e713ddc-cbffc14/library/ui/src/main/java/com/google/android/exoplayer2/ui/DefaultTimeBar.java;NONE
/home/arthur/analysis/projects/ExoPlayer/revisions/rev_e713ddc_cbffc14/rev_e713ddc-cbffc14/library/ui/src/main/java/com/google/android/exoplayer2/ui/DefaultTimeBar.java;NONE
/home/arthur/analysis/projects/ExoPlayer/revisions/rev_e713ddc_cbffc14/rev_e713ddc-cbffc14/library/ui/src/main/java/com/google/android/exoplayer2/ui/DefaultTimeBar.java;NONE
/home/arthur/analysis/projects/ExoPlayer/revisions/rev_e713ddc_cbffc14/rev_e713ddc-cbffc14/library/ui/src/main/java/com/google/android/exoplayer2/ui/DefaultTimeBar.java;NONE
/home/arthur/analysis/projects/ExoPlayer/revisions/rev_e713ddc_cbffc14/rev_e713ddc-cbffc14/library/ui/src/main/java/com/google/android/exoplayer2/ui/DefaultTimeBar.java;NONE
/home/arthur/analysis/projects/ExoPlayer/revisions/rev_e713ddc_cbffc14/rev_e713ddc-cbffc14/library/ui/src/main/java/com/google/android/exoplayer2/ui/DefaultTimeBar.java;NONE
/home/arthur/analysis/projects/ExoPlayer/revisions/rev_e713ddc_cbffc14/rev_e713ddc-cbffc14/library/ui/src/main/java/com/google/android/exoplayer2/ui/SimpleExoPlayerView.java;NONE
/home/arthur/analysis/projects/ExoPlayer/revisions/rev_e713ddc_cbffc14/rev_e713ddc-cbffc14/library/ui/src/main/java/com/google/android/exoplayer2/ui/SimpleExoPlayerView.java;NONE
/home/arthur/analysis/projects/ExoPlayer/revisions/rev_e713ddc_cbffc14/rev_e713ddc-cbffc14/library/ui/src/main/java/com/google/android/exoplayer2/ui/PlaybackControlView.java;NONE
/home/arthur/analysis/projects/ExoPlayer/revisions/rev_e713ddc_cbffc14/rev_e713ddc-cbffc14/library/ui/src/main/java/com/google/android/exoplayer2/ui/PlaybackControlView.java;NONE
/home/arthur/analysis/projects/ExoPlayer/revisions/rev_e713ddc_cbffc14/rev_e713ddc-cbffc14/testutils/src/main/java/com/google/android/exoplayer2/testutil/TestUtil.java;NONE
/home/arthur/analysis/projects/ExoPlayer/revisions/rev_e713ddc_cbffc14/rev_e713ddc-cbffc14/demo/src/main/java/com/google/android/exoplayer2/demo/TrackSelectionHelper.java;YOURS
/home/arthur/analysis/projects/ExoPlayer/revisions/rev_e713ddc_cbffc14/rev_e713ddc-cbffc14/extensions/gvr/src/main/java/com/google/android/exoplayer2/ext/gvr/GvrAudioProcessor.java;MINE
/home/arthur/analysis/projects/ExoPlayer/revisions/rev_e713ddc_cbffc14/rev_e713ddc-cbffc14/library/hls/src/androidTest/java/com/google/android/exoplayer2/source/hls/playlist/HlsMasterPlaylistParserTest.java;YOURS
/home/arthur/analysis/projects/ExoPlayer/revisions/rev_e713ddc_cbffc14/rev_e713ddc-cbffc14/library/hls/src/androidTest/java/com/google/android/exoplayer2/source/hls/playlist/HlsMasterPlaylistParserTest.java;YOURS
/home/arthur/analysis/projects/ExoPlayer/revisions/rev_e713ddc_cbffc14/rev_e713ddc-cbffc14/library/hls/src/androidTest/java/com/google/android/exoplayer2/source/hls/playlist/HlsMasterPlaylistParserTest.java;MINE
/home/arthur/analysis/projects/ExoPlayer/revisions/rev_e713ddc_cbffc14/rev_e713ddc-cbffc14/library/hls/src/androidTest/java/com/google/android/exoplayer2/source/hls/playlist/HlsMasterPlaylistParserTest.java;YOURS
/home/arthur/analysis/projects/ExoPlayer/revisions/rev_e713ddc_cbffc14/rev_e713ddc-cbffc14/library/hls/src/androidTest/java/com/google/android/exoplayer2/source/hls/playlist/HlsMasterPlaylistParserTest.java;YOURS
/home/arthur/analysis/projects/ExoPlayer/revisions/rev_e713ddc_cbffc14/rev_e713ddc-cbffc14/library/hls/src/androidTest/java/com/google/android/exoplayer2/source/hls/playlist/HlsMasterPlaylistParserTest.java;YOURS
/home/arthur/analysis/projects/ExoPlayer/revisions/rev_e713ddc_cbffc14/rev_e713ddc-cbffc14/library/hls/src/main/java/com/google/android/exoplayer2/source/hls/playlist/HlsMasterPlaylist.java;MINE
/home/arthur/analysis/projects/ExoPlayer/revisions/rev_e713ddc_cbffc14/rev_e713ddc-cbffc14/library/hls/src/main/java/com/google/android/exoplayer2/source/hls/playlist/HlsMasterPlaylist.java;MINE
/home/arthur/analysis/projects/ExoPlayer/revisions/rev_e713ddc_cbffc14/rev_e713ddc-cbffc14/library/hls/src/main/java/com/google/android/exoplayer2/source/hls/playlist/HlsMasterPlaylist.java;MINE
/home/arthur/analysis/projects/ExoPlayer/revisions/rev_e713ddc_cbffc14/rev_e713ddc-cbffc14/library/hls/src/main/java/com/google/android/exoplayer2/source/hls/playlist/HlsMasterPlaylist.java;MINE
/home/arthur/analysis/projects/ExoPlayer/revisions/rev_e713ddc_cbffc14/rev_e713ddc-cbffc14/library/hls/src/main/java/com/google/android/exoplayer2/source/hls/playlist/HlsMasterPlaylist.java;MINE
/home/arthur/analysis/projects/ExoPlayer/revisions/rev_e713ddc_cbffc14/rev_e713ddc-cbffc14/library/hls/src/main/java/com/google/android/exoplayer2/source/hls/playlist/HlsMasterPlaylist.java;MINE
/home/arthur/analysis/projects/ExoPlayer/revisions/rev_e713ddc_cbffc14/rev_e713ddc-cbffc14/library/hls/src/main/java/com/google/android/exoplayer2/source/hls/playlist/HlsMasterPlaylist.java;MINE
/home/arthur/analysis/projects/ExoPlayer/revisions/rev_e713ddc_cbffc14/rev_e713ddc-cbffc14/library/hls/src/main/java/com/google/android/exoplayer2/source/hls/playlist/HlsMasterPlaylist.java;MINE
/home/arthur/analysis/projects/ExoPlayer/revisions/rev_e713ddc_cbffc14/rev_e713ddc-cbffc14/library/hls/src/main/java/com/google/android/exoplayer2/source/hls/HlsChunkSource.java;MINE
/home/arthur/analysis/projects/ExoPlayer/revisions/rev_e713ddc_cbffc14/rev_e713ddc-cbffc14/library/hls/src/main/java/com/google/android/exoplayer2/source/hls/HlsChunkSource.java;MINE
/home/arthur/analysis/projects/ExoPlayer/revisions/rev_e713ddc_cbffc14/rev_e713ddc-cbffc14/library/hls/src/main/java/com/google/android/exoplayer2/source/hls/HlsChunkSource.java;MINE
/home/arthur/analysis/projects/ExoPlayer/revisions/rev_e713ddc_cbffc14/rev_e713ddc-cbffc14/library/hls/src/main/java/com/google/android/exoplayer2/source/hls/HlsChunkSource.java;MINE
/home/arthur/analysis/projects/ExoPlayer/revisions/rev_e713ddc_cbffc14/rev_e713ddc-cbffc14/library/hls/src/main/java/com/google/android/exoplayer2/source/hls/HlsMediaChunk.java;MINE
/home/arthur/analysis/projects/ExoPlayer/revisions/rev_e713ddc_cbffc14/rev_e713ddc-cbffc14/library/core/src/androidTest/java/com/google/android/exoplayer2/extractor/ogg/VorbisBitArrayTest.java;YOURS
/home/arthur/analysis/projects/ExoPlayer/revisions/rev_e713ddc_cbffc14/rev_e713ddc-cbffc14/library/core/src/androidTest/java/com/google/android/exoplayer2/extractor/ogg/VorbisBitArrayTest.java;YOURS
/home/arthur/analysis/projects/ExoPlayer/revisions/rev_e713ddc_cbffc14/rev_e713ddc-cbffc14/library/core/src/androidTest/java/com/google/android/exoplayer2/extractor/ogg/VorbisBitArrayTest.java;YOURS
/home/arthur/analysis/projects/ExoPlayer/revisions/rev_e713ddc_cbffc14/rev_e713ddc-cbffc14/library/core/src/androidTest/java/com/google/android/exoplayer2/extractor/ogg/VorbisBitArrayTest.java;YOURS
/home/arthur/analysis/projects/ExoPlayer/revisions/rev_e713ddc_cbffc14/rev_e713ddc-cbffc14/library/core/src/main/java/com/google/android/exoplayer2/text/ttml/TtmlRegion.java;MINE
/home/arthur/analysis/projects/ExoPlayer/revisions/rev_e713ddc_cbffc14/rev_e713ddc-cbffc14/library/core/src/main/java/com/google/android/exoplayer2/video/MediaCodecVideoRenderer.java;YOURS
/home/arthur/analysis/projects/ExoPlayer/revisions/rev_e713ddc_cbffc14/rev_e713ddc-cbffc14/library/core/src/main/java/com/google/android/exoplayer2/video/MediaCodecVideoRenderer.java;MINE
/home/arthur/analysis/projects/ExoPlayer/revisions/rev_e713ddc_cbffc14/rev_e713ddc-cbffc14/library/core/src/main/java/com/google/android/exoplayer2/video/MediaCodecVideoRenderer.java;MINE
/home/arthur/analysis/projects/ExoPlayer/revisions/rev_e713ddc_cbffc14/rev_e713ddc-cbffc14/library/core/src/main/java/com/google/android/exoplayer2/metadata/MetadataRenderer.java;YOURS
/home/arthur/analysis/projects/ExoPlayer/revisions/rev_e713ddc_cbffc14/rev_e713ddc-cbffc14/library/core/src/main/java/com/google/android/exoplayer2/source/MediaPeriod.java;MINE
/home/arthur/analysis/projects/ExoPlayer/revisions/rev_e713ddc_cbffc14/rev_e713ddc-cbffc14/library/core/src/main/java/com/google/android/exoplayer2/source/MediaPeriod.java;MINE
/home/arthur/analysis/projects/ExoPlayer/revisions/rev_e713ddc_cbffc14/rev_e713ddc-cbffc14/library/core/src/main/java/com/google/android/exoplayer2/upstream/cache/CacheDataSourceFactory.java;MINE
/home/arthur/analysis/projects/ExoPlayer/revisions/rev_e713ddc_cbffc14/rev_e713ddc-cbffc14/library/core/src/main/java/com/google/android/exoplayer2/upstream/ContentDataSource.java;MINE
/home/arthur/analysis/projects/ExoPlayer/revisions/rev_e713ddc_cbffc14/rev_e713ddc-cbffc14/library/core/src/main/java/com/google/android/exoplayer2/util/ParsableBitArray.java;MINE
/home/arthur/analysis/projects/ExoPlayer/revisions/rev_e713ddc_cbffc14/rev_e713ddc-cbffc14/library/core/src/main/java/com/google/android/exoplayer2/util/ParsableBitArray.java;YOURS
/home/arthur/analysis/projects/ExoPlayer/revisions/rev_e713ddc_cbffc14/rev_e713ddc-cbffc14/library/core/src/main/java/com/google/android/exoplayer2/util/ParsableBitArray.java;YOURS
/home/arthur/analysis/projects/ExoPlayer/revisions/rev_e713ddc_cbffc14/rev_e713ddc-cbffc14/library/core/src/main/java/com/google/android/exoplayer2/util/ParsableNalUnitBitArray.java;MINE
/home/arthur/analysis/projects/ExoPlayer/revisions/rev_e713ddc_cbffc14/rev_e713ddc-cbffc14/library/core/src/main/java/com/google/android/exoplayer2/util/ParsableNalUnitBitArray.java;YOURS
/home/arthur/analysis/projects/ExoPlayer/revisions/rev_e713ddc_cbffc14/rev_e713ddc-cbffc14/library/core/src/main/java/com/google/android/exoplayer2/extractor/ogg/StreamReader.java;MINE
/home/arthur/analysis/projects/ExoPlayer/revisions/rev_e713ddc_cbffc14/rev_e713ddc-cbffc14/library/core/src/main/java/com/google/android/exoplayer2/extractor/ogg/OggPacket.java;MINE
/home/arthur/analysis/projects/ExoPlayer/revisions/rev_e713ddc_cbffc14/rev_e713ddc-cbffc14/library/core/src/main/java/com/google/android/exoplayer2/extractor/ogg/OggPacket.java;MINE
/home/arthur/analysis/projects/ExoPlayer/revisions/rev_e713ddc_cbffc14/rev_e713ddc-cbffc14/library/core/src/main/java/com/google/android/exoplayer2/extractor/ogg/VorbisBitArray.java;YOURS
/home/arthur/analysis/projects/ExoPlayer/revisions/rev_e713ddc_cbffc14/rev_e713ddc-cbffc14/library/core/src/main/java/com/google/android/exoplayer2/extractor/ogg/VorbisBitArray.java;YOURS
/home/arthur/analysis/projects/ExoPlayer/revisions/rev_e713ddc_cbffc14/rev_e713ddc-cbffc14/library/core/src/main/java/com/google/android/exoplayer2/BaseRenderer.java;YOURS
/home/arthur/analysis/projects/ExoPlayer/revisions/rev_e713ddc_cbffc14/rev_e713ddc-cbffc14/library/ui/src/main/java/com/google/android/exoplayer2/ui/DefaultTimeBar.java;MINE
/home/arthur/analysis/projects/ExoPlayer/revisions/rev_e713ddc_cbffc14/rev_e713ddc-cbffc14/library/ui/src/main/java/com/google/android/exoplayer2/ui/DefaultTimeBar.java;YOURS
/home/arthur/analysis/projects/ExoPlayer/revisions/rev_e713ddc_cbffc14/rev_e713ddc-cbffc14/library/ui/src/main/java/com/google/android/exoplayer2/ui/DefaultTimeBar.java;YOURS
/home/arthur/analysis/projects/ExoPlayer/revisions/rev_e713ddc_cbffc14/rev_e713ddc-cbffc14/library/ui/src/main/java/com/google/android/exoplayer2/ui/TimeBar.java;MINE
