/home/arthur/analysis/projects/glide/revisions/rev_42dde93_058ef77/rev_42dde93-058ef77/samples/flickr/src/com/bumptech/flickr/FlickrSearchActivity.java;FieldDeclaration
/home/arthur/analysis/projects/glide/revisions/rev_42dde93_058ef77/rev_42dde93-058ef77/samples/flickr/src/com/bumptech/flickr/FlickrSearchActivity.java;MethodDeclaration
/home/arthur/analysis/projects/glide/revisions/rev_42dde93_058ef77/rev_42dde93-058ef77/samples/flickr/src/com/bumptech/flickr/api/Api.java;MethodDeclaration
/home/arthur/analysis/projects/netty-socketio/revisions/rev_2e9b5ef_e797a71/rev_2e9b5ef-e797a71/src/main/java/com/corundumstudio/socketio/namespace/Namespace.java;ImportDeclaration
/home/arthur/analysis/projects/glide/revisions/rev_fa8e803_d216308/rev_fa8e803-d216308/library/tests/src/com/bumptech/glide/GlideTest.java;ImportDeclaration
/home/arthur/analysis/projects/glide/revisions/rev_fa8e803_d216308/rev_fa8e803-d216308/library/tests/src/com/bumptech/glide/GlideTest.java;MethodDeclaration
/home/arthur/analysis/projects/netty-socketio/revisions/rev_cb48509_620f041/rev_cb48509-620f041/src/main/java/com/corundumstudio/socketio/parser/JacksonJsonSupport.java;ImportDeclaration
/home/arthur/analysis/projects/glide/revisions/rev_347118b_a55e201/rev_347118b-a55e201/library/src/com/bumptech/glide/presenter/target/ImageViewTarget.java;ImportDeclaration
/home/arthur/analysis/projects/glide/revisions/rev_347118b_a55e201/rev_347118b-a55e201/library/src/com/bumptech/glide/presenter/target/ImageViewTarget.java;ImportDeclaration
/home/arthur/analysis/projects/glide/revisions/rev_347118b_a55e201/rev_347118b-a55e201/library/src/com/bumptech/glide/presenter/target/ImageViewTarget.java;ImportDeclaration
/home/arthur/analysis/projects/glide/revisions/rev_809f3b3_0b2cafb/rev_809f3b3-0b2cafb/samples/flickr/src/com/bumptech/glide/samples/flickr/FlickrSearchActivity.java;ImportDeclaration
/home/arthur/analysis/projects/glide/revisions/rev_809f3b3_0b2cafb/rev_809f3b3-0b2cafb/samples/flickr/src/com/bumptech/glide/samples/flickr/FlickrSearchActivity.java;ImportDeclaration
/home/arthur/analysis/projects/glide/revisions/rev_809f3b3_0b2cafb/rev_809f3b3-0b2cafb/library/src/com/bumptech/glide/resize/cache/DiskLruCacheWrapper.java;ImportDeclaration
/home/arthur/analysis/projects/glide/revisions/rev_809f3b3_0b2cafb/rev_809f3b3-0b2cafb/library/src/com/bumptech/glide/resize/ImageManager.java;FieldDeclaration
/home/arthur/analysis/projects/retrolambda/revisions/rev_757247b_52364bc/rev_757247b-52364bc/retrolambda/src/main/java/net/orfjackal/retrolambda/interfaces/MethodInfo.java;FieldDeclaration
/home/arthur/analysis/projects/retrolambda/revisions/rev_757247b_52364bc/rev_757247b-52364bc/retrolambda/src/main/java/net/orfjackal/retrolambda/interfaces/UpdateRelocatedMethodInvocations.java;FieldDeclaration
/home/arthur/analysis/projects/retrolambda/revisions/rev_757247b_52364bc/rev_757247b-52364bc/retrolambda/src/main/java/net/orfjackal/retrolambda/interfaces/AddMethodDefaultImplementations.java;FieldDeclaration
/home/arthur/analysis/projects/glide/revisions/rev_f389e91_431ccaf/rev_f389e91-431ccaf/library/src/main/java/com/bumptech/glide/GlideBuilder.java;FieldDeclaration
/home/arthur/analysis/projects/glide/revisions/rev_e161ca9_7e0f873/rev_e161ca9-7e0f873/integration/okhttp/src/main/java/com/bumptech/glide/integration/okhttp/OkHttpStreamFetcher.java;ImportDeclaration
/home/arthur/analysis/projects/glide/revisions/rev_e161ca9_7e0f873/rev_e161ca9-7e0f873/integration/okhttp/src/main/java/com/bumptech/glide/integration/okhttp/OkHttpStreamFetcher.java;ImportDeclaration
/home/arthur/analysis/projects/glide/revisions/rev_e161ca9_7e0f873/rev_e161ca9-7e0f873/integration/okhttp/src/main/java/com/bumptech/glide/integration/okhttp/OkHttpStreamFetcher.java;ImportDeclaration
/home/arthur/analysis/projects/glide/revisions/rev_e161ca9_7e0f873/rev_e161ca9-7e0f873/integration/volley/src/androidTest/java/com/bumptech/glide/integration/volley/VolleyStreamFetcherServerTest.java;ImportDeclaration
/home/arthur/analysis/projects/glide/revisions/rev_e161ca9_7e0f873/rev_e161ca9-7e0f873/integration/volley/src/androidTest/java/com/bumptech/glide/integration/volley/VolleyStreamFetcherServerTest.java;ImportDeclaration
/home/arthur/analysis/projects/glide/revisions/rev_e161ca9_7e0f873/rev_e161ca9-7e0f873/integration/volley/src/androidTest/java/com/bumptech/glide/integration/volley/VolleyStreamFetcherServerTest.java;ImportDeclaration
/home/arthur/analysis/projects/glide/revisions/rev_e161ca9_7e0f873/rev_e161ca9-7e0f873/integration/volley/src/main/java/com/bumptech/glide/integration/volley/VolleyRequestFactory.java;ImportDeclaration
/home/arthur/analysis/projects/glide/revisions/rev_e161ca9_7e0f873/rev_e161ca9-7e0f873/integration/volley/src/main/java/com/bumptech/glide/integration/volley/VolleyStreamFetcher.java;ImportDeclaration
/home/arthur/analysis/projects/glide/revisions/rev_e161ca9_7e0f873/rev_e161ca9-7e0f873/integration/volley/src/main/java/com/bumptech/glide/integration/volley/VolleyStreamFetcher.java;ImportDeclaration
/home/arthur/analysis/projects/glide/revisions/rev_e161ca9_7e0f873/rev_e161ca9-7e0f873/library/src/androidTest/java/com/bumptech/glide/RequestManagerTest.java;ImportDeclaration
/home/arthur/analysis/projects/glide/revisions/rev_e161ca9_7e0f873/rev_e161ca9-7e0f873/library/src/androidTest/java/com/bumptech/glide/load/model/GlideUrlTest.java;MethodDeclaration
/home/arthur/analysis/projects/glide/revisions/rev_e161ca9_7e0f873/rev_e161ca9-7e0f873/library/src/androidTest/java/com/bumptech/glide/load/resource/bitmap/ImageHeaderParserTest.java;ImportDeclaration
/home/arthur/analysis/projects/glide/revisions/rev_e161ca9_7e0f873/rev_e161ca9-7e0f873/library/src/androidTest/java/com/bumptech/glide/load/resource/bitmap/ImageHeaderParserTest.java;ImportDeclaration
/home/arthur/analysis/projects/glide/revisions/rev_e161ca9_7e0f873/rev_e161ca9-7e0f873/library/src/androidTest/java/com/bumptech/glide/load/resource/bitmap/ImageHeaderParserTest.java;ImportDeclaration
/home/arthur/analysis/projects/glide/revisions/rev_e161ca9_7e0f873/rev_e161ca9-7e0f873/library/src/androidTest/java/com/bumptech/glide/load/data/HttpUrlFetcherTest.java;ImportDeclaration
/home/arthur/analysis/projects/glide/revisions/rev_e161ca9_7e0f873/rev_e161ca9-7e0f873/library/src/androidTest/java/com/bumptech/glide/load/data/HttpUrlFetcherTest.java;ImportDeclaration
/home/arthur/analysis/projects/glide/revisions/rev_e161ca9_7e0f873/rev_e161ca9-7e0f873/library/src/androidTest/java/com/bumptech/glide/resize/load/ExifTest.java;ImportDeclaration
/home/arthur/analysis/projects/glide/revisions/rev_e161ca9_7e0f873/rev_e161ca9-7e0f873/library/src/main/java/com/bumptech/glide/manager/ActivityFragmentLifecycle.java;ImportDeclaration
/home/arthur/analysis/projects/glide/revisions/rev_e161ca9_7e0f873/rev_e161ca9-7e0f873/library/src/main/java/com/bumptech/glide/signature/StringSignature.java;MethodDeclaration
/home/arthur/analysis/projects/glide/revisions/rev_e161ca9_7e0f873/rev_e161ca9-7e0f873/library/src/main/java/com/bumptech/glide/load/model/GlideUrl.java;ImportDeclaration
/home/arthur/analysis/projects/glide/revisions/rev_e161ca9_7e0f873/rev_e161ca9-7e0f873/library/src/main/java/com/bumptech/glide/load/resource/bitmap/ImageHeaderParser.java;MethodDeclaration
/home/arthur/analysis/projects/glide/revisions/rev_e161ca9_7e0f873/rev_e161ca9-7e0f873/library/src/main/java/com/bumptech/glide/load/resource/bitmap/TransformationUtils.java;FieldDeclaration
/home/arthur/analysis/projects/glide/revisions/rev_e161ca9_7e0f873/rev_e161ca9-7e0f873/library/src/main/java/com/bumptech/glide/load/engine/cache/DiskCacheAdapter.java;MethodDeclaration
/home/arthur/analysis/projects/glide/revisions/rev_e161ca9_7e0f873/rev_e161ca9-7e0f873/library/src/main/java/com/bumptech/glide/load/data/HttpUrlFetcher.java;ImportDeclaration
/home/arthur/analysis/projects/glide/revisions/rev_e161ca9_7e0f873/rev_e161ca9-7e0f873/library/src/main/java/com/bumptech/glide/load/data/HttpUrlFetcher.java;ImportDeclaration
/home/arthur/analysis/projects/glide/revisions/rev_e161ca9_7e0f873/rev_e161ca9-7e0f873/library/src/main/java/com/bumptech/glide/load/data/HttpUrlFetcher.java;ImportDeclaration
/home/arthur/analysis/projects/java/revisions/rev_6bf11c0_8024de0/rev_6bf11c0-8024de0/java/srcPubnubApi/com/pubnub/api/AbstractLogger.java;FieldDeclaration
/home/arthur/analysis/projects/grpc-java/revisions/rev_977c3d1_24a9f39/rev_977c3d1-24a9f39/core/src/main/java/io/grpc/transport/AbstractServerStream.java;ImportDeclaration
/home/arthur/analysis/projects/grpc-java/revisions/rev_977c3d1_24a9f39/rev_977c3d1-24a9f39/core/src/main/java/io/grpc/transport/AbstractStream.java;ImportDeclaration
/home/arthur/analysis/projects/grpc-java/revisions/rev_977c3d1_24a9f39/rev_977c3d1-24a9f39/core/src/main/java/io/grpc/transport/AbstractStream.java;ImportDeclaration
/home/arthur/analysis/projects/grpc-java/revisions/rev_977c3d1_24a9f39/rev_977c3d1-24a9f39/core/src/main/java/io/grpc/transport/AbstractStream.java;ConstructorDeclaration
/home/arthur/analysis/projects/grpc-java/revisions/rev_977c3d1_24a9f39/rev_977c3d1-24a9f39/core/src/main/java/io/grpc/transport/AbstractStream.java;FieldDeclaration
/home/arthur/analysis/projects/grpc-java/revisions/rev_977c3d1_24a9f39/rev_977c3d1-24a9f39/okhttp/src/test/java/io/grpc/transport/okhttp/OkHttpClientTransportTest.java;ImportDeclaration
/home/arthur/analysis/projects/grpc-java/revisions/rev_977c3d1_24a9f39/rev_977c3d1-24a9f39/okhttp/src/test/java/io/grpc/transport/okhttp/OkHttpClientTransportTest.java;FieldDeclaration
/home/arthur/analysis/projects/ExoPlayer/revisions/rev_c2d55ac_4efc0ab/rev_c2d55ac-4efc0ab/demo/src/main/java/com/google/android/exoplayer/demo/simple/SimplePlayerActivity.java;FieldDeclaration
/home/arthur/analysis/projects/ExoPlayer/revisions/rev_5a3340d_1554db1/rev_5a3340d-1554db1/demo/src/main/java/com/google/android/exoplayer/demo/full/FullPlayerActivity.java;ImportDeclaration
/home/arthur/analysis/projects/ExoPlayer/revisions/rev_5a3340d_1554db1/rev_5a3340d-1554db1/library/src/main/java/com/google/android/exoplayer/MediaFormat.java;ImportDeclaration
/home/arthur/analysis/projects/ExoPlayer/revisions/rev_5a3340d_1554db1/rev_5a3340d-1554db1/library/src/main/java/com/google/android/exoplayer/MediaFormat.java;MethodDeclaration
/home/arthur/analysis/projects/netty-socketio/revisions/rev_7d3cb58_87bd1b5/rev_7d3cb58-87bd1b5/src/main/java/com/corundumstudio/socketio/store/RedissonPubSubStore.java;ImportDeclaration
/home/arthur/analysis/projects/netty-socketio/revisions/rev_7d3cb58_87bd1b5/rev_7d3cb58-87bd1b5/src/main/java/com/corundumstudio/socketio/handler/ClientHead.java;ImportDeclaration
/home/arthur/analysis/projects/java/revisions/rev_17b846c_71436c3/rev_17b846c-71436c3/src/main/java/com/pubnub/api/core/Pubnub.java;ImportDeclaration
/home/arthur/analysis/projects/java/revisions/rev_17b846c_71436c3/rev_17b846c-71436c3/src/main/java/com/pubnub/api/core/Pubnub.java;ImportDeclaration
/home/arthur/analysis/projects/java/revisions/rev_17b846c_71436c3/rev_17b846c-71436c3/src/main/java/com/pubnub/api/core/Pubnub.java;FieldDeclaration
/home/arthur/analysis/projects/java/revisions/rev_45c9719_e3860f0/rev_45c9719-e3860f0/src/test/java/com/pubnub/api/Base64Test.java;ImportDeclaration
/home/arthur/analysis/projects/java/revisions/rev_45c9719_e3860f0/rev_45c9719-e3860f0/src/main/java/com/pubnub/api/endpoints/push/RemoveAllPushChannelsForDevice.java;ImportDeclaration
/home/arthur/analysis/projects/java/revisions/rev_45c9719_e3860f0/rev_45c9719-e3860f0/src/main/java/com/pubnub/api/endpoints/push/ListPushProvisions.java;ImportDeclaration
/home/arthur/analysis/projects/java/revisions/rev_45c9719_e3860f0/rev_45c9719-e3860f0/src/main/java/com/pubnub/api/endpoints/channel_groups/DeleteChannelGroup.java;ImportDeclaration
/home/arthur/analysis/projects/java/revisions/rev_45c9719_e3860f0/rev_45c9719-e3860f0/src/main/java/com/pubnub/api/PubNubError.java;FieldDeclaration
/home/arthur/analysis/projects/java/revisions/rev_45c9719_e3860f0/rev_45c9719-e3860f0/src/main/java/com/pubnub/api/PubNubError.java;FieldDeclaration
/home/arthur/analysis/projects/java/revisions/rev_45c9719_e3860f0/rev_45c9719-e3860f0/src/main/java/com/pubnub/api/PubNubError.java;FieldDeclaration
/home/arthur/analysis/projects/java/revisions/rev_45c9719_e3860f0/rev_45c9719-e3860f0/src/main/java/com/pubnub/api/PubNubError.java;FieldDeclaration
/home/arthur/analysis/projects/java/revisions/rev_45c9719_e3860f0/rev_45c9719-e3860f0/src/main/java/com/pubnub/api/PubNubError.java;FieldDeclaration
/home/arthur/analysis/projects/java/revisions/rev_45c9719_e3860f0/rev_45c9719-e3860f0/src/main/java/com/pubnub/api/PubNubError.java;FieldDeclaration
/home/arthur/analysis/projects/java/revisions/rev_45c9719_e3860f0/rev_45c9719-e3860f0/src/main/java/com/pubnub/api/PubNubError.java;FieldDeclaration
/home/arthur/analysis/projects/java/revisions/rev_45c9719_e3860f0/rev_45c9719-e3860f0/src/main/java/com/pubnub/api/PubNubError.java;FieldDeclaration
/home/arthur/analysis/projects/java/revisions/rev_45c9719_e3860f0/rev_45c9719-e3860f0/src/main/java/com/pubnub/api/PubNubError.java;FieldDeclaration
/home/arthur/analysis/projects/java/revisions/rev_45c9719_e3860f0/rev_45c9719-e3860f0/src/main/java/com/pubnub/api/PubNubError.java;FieldDeclaration
/home/arthur/analysis/projects/java/revisions/rev_45c9719_e3860f0/rev_45c9719-e3860f0/src/main/java/com/pubnub/api/PubNubError.java;FieldDeclaration
/home/arthur/analysis/projects/java/revisions/rev_45c9719_e3860f0/rev_45c9719-e3860f0/src/main/java/com/pubnub/api/PubNubError.java;FieldDeclaration
/home/arthur/analysis/projects/java/revisions/rev_45c9719_e3860f0/rev_45c9719-e3860f0/src/main/java/com/pubnub/api/PubNubError.java;FieldDeclaration
/home/arthur/analysis/projects/java/revisions/rev_45c9719_e3860f0/rev_45c9719-e3860f0/src/main/java/com/pubnub/api/PubNubError.java;FieldDeclaration
/home/arthur/analysis/projects/java/revisions/rev_45c9719_e3860f0/rev_45c9719-e3860f0/src/main/java/com/pubnub/api/PubNubError.java;FieldDeclaration
/home/arthur/analysis/projects/java/revisions/rev_45c9719_e3860f0/rev_45c9719-e3860f0/src/main/java/com/pubnub/api/PubNubError.java;FieldDeclaration
/home/arthur/analysis/projects/java/revisions/rev_45c9719_e3860f0/rev_45c9719-e3860f0/src/main/java/com/pubnub/api/PubNubError.java;FieldDeclaration
/home/arthur/analysis/projects/java/revisions/rev_45c9719_e3860f0/rev_45c9719-e3860f0/src/main/java/com/pubnub/api/PubNubError.java;FieldDeclaration
/home/arthur/analysis/projects/java/revisions/rev_45c9719_e3860f0/rev_45c9719-e3860f0/src/main/java/com/pubnub/api/utils/Base64.java;PackageDeclaration
/home/arthur/analysis/projects/java/revisions/rev_45c9719_e3860f0/rev_45c9719-e3860f0/src/main/java/com/pubnub/api/Crypto.java;ImportDeclaration
/home/arthur/analysis/projects/ExoPlayer/revisions/rev_12807a7_fb36f85/rev_12807a7-fb36f85/library/src/main/java/com/google/android/exoplayer/hls/HlsPlaylistParser.java;FieldDeclaration
/home/arthur/analysis/projects/ExoPlayer/revisions/rev_12807a7_fb36f85/rev_12807a7-fb36f85/library/src/main/java/com/google/android/exoplayer/hls/HlsMediaPlaylist.java;FieldDeclaration
/home/arthur/analysis/projects/java/revisions/rev_09cb418_cab09fa/rev_09cb418-cab09fa/src/main/java/com/pubnub/api/endpoints/pubsub/Publish.java;ImportDeclaration
/home/arthur/analysis/projects/java/revisions/rev_09cb418_cab09fa/rev_09cb418-cab09fa/src/main/java/com/pubnub/api/PubNubUtil.java;ImportDeclaration
/home/arthur/analysis/projects/java/revisions/rev_09cb418_cab09fa/rev_09cb418-cab09fa/src/main/java/com/pubnub/api/models/consumer/PNErrorData.java;FieldDeclaration
/home/arthur/analysis/projects/java/revisions/rev_09cb418_cab09fa/rev_09cb418-cab09fa/src/main/java/com/pubnub/api/models/server/access_manager/AccessManagerAuditPayload.java;FieldDeclaration
/home/arthur/analysis/projects/java/revisions/rev_09cb418_cab09fa/rev_09cb418-cab09fa/src/main/java/com/pubnub/api/models/server/access_manager/AccessManagerAuditPayload.java;FieldDeclaration
/home/arthur/analysis/projects/java/revisions/rev_09cb418_cab09fa/rev_09cb418-cab09fa/src/main/java/com/pubnub/api/models/server/access_manager/AccessManagerAuditPayload.java;FieldDeclaration
/home/arthur/analysis/projects/java/revisions/rev_09cb418_cab09fa/rev_09cb418-cab09fa/src/main/java/com/pubnub/api/models/server/access_manager/AccessManagerAuditPayload.java;FieldDeclaration
/home/arthur/analysis/projects/java/revisions/rev_09cb418_cab09fa/rev_09cb418-cab09fa/src/main/java/com/pubnub/api/models/server/access_manager/AccessManagerAuditPayload.java;FieldDeclaration
/home/arthur/analysis/projects/ExoPlayer/revisions/rev_aed45bb_39082d1/rev_aed45bb-39082d1/library/src/main/java/com/google/android/exoplayer/extractor/ts/TsExtractor.java;FieldDeclaration
/home/arthur/analysis/projects/java/revisions/rev_53e6287_5f2334a/rev_53e6287-5f2334a/src/main/java/com/pubnub/api/PubNub.java;FieldDeclaration
/home/arthur/analysis/projects/java/revisions/rev_53e6287_5f2334a/rev_53e6287-5f2334a/src/main/java/com/pubnub/api/workers/SubscribeMessageWorker.java;ImportDeclaration
/home/arthur/analysis/projects/java/revisions/rev_53e6287_5f2334a/rev_53e6287-5f2334a/src/main/java/com/pubnub/api/workers/SubscribeMessageWorker.java;FieldDeclaration
/home/arthur/analysis/projects/java/revisions/rev_6a231a5_e0957ee/rev_6a231a5-e0957ee/src/test/java/com/pubnub/api/managers/SubscriptionManagerTest.java;FieldDeclaration
/home/arthur/analysis/projects/java/revisions/rev_6a231a5_e0957ee/rev_6a231a5-e0957ee/src/test/java/com/pubnub/api/endpoints/TimeEndpointTest.java;ImportDeclaration
/home/arthur/analysis/projects/java/revisions/rev_6a231a5_e0957ee/rev_6a231a5-e0957ee/src/test/java/com/pubnub/api/endpoints/TimeEndpointTest.java;ImportDeclaration
/home/arthur/analysis/projects/java/revisions/rev_6a231a5_e0957ee/rev_6a231a5-e0957ee/src/test/java/com/pubnub/api/endpoints/TimeEndpointTest.java;ImportDeclaration
/home/arthur/analysis/projects/java/revisions/rev_6a231a5_e0957ee/rev_6a231a5-e0957ee/src/test/java/com/pubnub/api/endpoints/access/GrantEndpointTest.java;ImportDeclaration
/home/arthur/analysis/projects/java/revisions/rev_6a231a5_e0957ee/rev_6a231a5-e0957ee/src/test/java/com/pubnub/api/endpoints/access/GrantEndpointTest.java;ImportDeclaration
/home/arthur/analysis/projects/java/revisions/rev_6a231a5_e0957ee/rev_6a231a5-e0957ee/src/test/java/com/pubnub/api/endpoints/access/GrantEndpointTest.java;ImportDeclaration
/home/arthur/analysis/projects/java/revisions/rev_6a231a5_e0957ee/rev_6a231a5-e0957ee/src/test/java/com/pubnub/api/endpoints/access/GrantEndpointTest.java;ImportDeclaration
/home/arthur/analysis/projects/java/revisions/rev_6a231a5_e0957ee/rev_6a231a5-e0957ee/src/test/java/com/pubnub/api/endpoints/EndpointTest.java;ImportDeclaration
/home/arthur/analysis/projects/java/revisions/rev_6a231a5_e0957ee/rev_6a231a5-e0957ee/src/test/java/com/pubnub/api/endpoints/EndpointTest.java;ImportDeclaration
/home/arthur/analysis/projects/java/revisions/rev_6a231a5_e0957ee/rev_6a231a5-e0957ee/src/test/java/com/pubnub/api/endpoints/EndpointTest.java;ImportDeclaration
/home/arthur/analysis/projects/java/revisions/rev_6a231a5_e0957ee/rev_6a231a5-e0957ee/src/test/java/com/pubnub/api/endpoints/EndpointTest.java;ImportDeclaration
/home/arthur/analysis/projects/java/revisions/rev_6a231a5_e0957ee/rev_6a231a5-e0957ee/src/test/java/com/pubnub/api/endpoints/channel_groups/AddChannelChannelGroupEndpointTest.java;ImportDeclaration
/home/arthur/analysis/projects/java/revisions/rev_6a231a5_e0957ee/rev_6a231a5-e0957ee/src/test/java/com/pubnub/api/endpoints/channel_groups/DeleteChannelGroupEndpointTest.java;ImportDeclaration
/home/arthur/analysis/projects/java/revisions/rev_6a231a5_e0957ee/rev_6a231a5-e0957ee/src/test/java/com/pubnub/api/endpoints/channel_groups/DeleteChannelGroupEndpointTest.java;ImportDeclaration
/home/arthur/analysis/projects/java/revisions/rev_6a231a5_e0957ee/rev_6a231a5-e0957ee/src/test/java/com/pubnub/api/endpoints/channel_groups/ListAllChannelGroupEndpointTest.java;ImportDeclaration
/home/arthur/analysis/projects/java/revisions/rev_6a231a5_e0957ee/rev_6a231a5-e0957ee/src/test/java/com/pubnub/api/endpoints/channel_groups/ListAllChannelGroupEndpointTest.java;ImportDeclaration
/home/arthur/analysis/projects/java/revisions/rev_6a231a5_e0957ee/rev_6a231a5-e0957ee/src/test/java/com/pubnub/api/endpoints/channel_groups/ListAllChannelGroupEndpointTest.java;ImportDeclaration
/home/arthur/analysis/projects/java/revisions/rev_6a231a5_e0957ee/rev_6a231a5-e0957ee/src/test/java/com/pubnub/api/endpoints/channel_groups/AllChannelsChannelGroupEndpointTest.java;ImportDeclaration
/home/arthur/analysis/projects/java/revisions/rev_6a231a5_e0957ee/rev_6a231a5-e0957ee/src/test/java/com/pubnub/api/endpoints/channel_groups/AllChannelsChannelGroupEndpointTest.java;ImportDeclaration
/home/arthur/analysis/projects/java/revisions/rev_6a231a5_e0957ee/rev_6a231a5-e0957ee/src/test/java/com/pubnub/api/endpoints/channel_groups/AllChannelsChannelGroupEndpointTest.java;ImportDeclaration
/home/arthur/analysis/projects/java/revisions/rev_6a231a5_e0957ee/rev_6a231a5-e0957ee/src/test/java/com/pubnub/api/Base64Test.java;ImportDeclaration
/home/arthur/analysis/projects/java/revisions/rev_6a231a5_e0957ee/rev_6a231a5-e0957ee/src/test/java/PubNubExceptionTest.java;ImportDeclaration
/home/arthur/analysis/projects/java/revisions/rev_6a231a5_e0957ee/rev_6a231a5-e0957ee/src/test/java/PubNubExceptionTest.java;ImportDeclaration
/home/arthur/analysis/projects/java/revisions/rev_6a231a5_e0957ee/rev_6a231a5-e0957ee/src/test/java/PubNubExceptionTest.java;FieldDeclaration
/home/arthur/analysis/projects/java/revisions/rev_6a231a5_e0957ee/rev_6a231a5-e0957ee/src/main/java/com/pubnub/api/PubNub.java;FieldDeclaration
/home/arthur/analysis/projects/java/revisions/rev_6a231a5_e0957ee/rev_6a231a5-e0957ee/src/main/java/com/pubnub/api/workers/SubscribeMessageWorker.java;FieldDeclaration
/home/arthur/analysis/projects/ExoPlayer/revisions/rev_a1d5626_d15da1f/rev_a1d5626-d15da1f/extensions/vp9/src/main/java/com/google/android/exoplayer/ext/vp9/LibvpxVideoTrackRenderer.java;ImportDeclaration
/home/arthur/analysis/projects/ExoPlayer/revisions/rev_a1d5626_d15da1f/rev_a1d5626-d15da1f/extensions/vp9/src/main/java/com/google/android/exoplayer/ext/vp9/LibvpxVideoTrackRenderer.java;FieldDeclaration
/home/arthur/analysis/projects/ExoPlayer/revisions/rev_a1d5626_d15da1f/rev_a1d5626-d15da1f/extensions/vp9/src/main/java/com/google/android/exoplayer/ext/vp9/LibvpxVideoTrackRenderer.java;FieldDeclaration
/home/arthur/analysis/projects/ExoPlayer/revisions/rev_a1d5626_d15da1f/rev_a1d5626-d15da1f/extensions/vp9/src/main/java/com/google/android/exoplayer/ext/vp9/LibvpxVideoTrackRenderer.java;FieldDeclaration
/home/arthur/analysis/projects/ExoPlayer/revisions/rev_a1d5626_d15da1f/rev_a1d5626-d15da1f/extensions/vp9/src/main/java/com/google/android/exoplayer/ext/vp9/VpxVideoSurfaceView.java;ImportDeclaration
/home/arthur/analysis/projects/ExoPlayer/revisions/rev_a1d5626_d15da1f/rev_a1d5626-d15da1f/extensions/vp9/src/main/java/com/google/android/exoplayer/ext/vp9/VpxDecoder.java;ImportDeclaration
/home/arthur/analysis/projects/ExoPlayer/revisions/rev_a1d5626_d15da1f/rev_a1d5626-d15da1f/extensions/vp9/src/main/java/com/google/android/exoplayer/ext/vp9/VpxDecoder.java;MethodDeclaration
/home/arthur/analysis/projects/ExoPlayer/revisions/rev_a1d5626_d15da1f/rev_a1d5626-d15da1f/extensions/vp9/src/main/java/com/google/android/exoplayer/ext/vp9/VpxRenderer.java;ImportDeclaration
/home/arthur/analysis/projects/ExoPlayer/revisions/rev_a1d5626_d15da1f/rev_a1d5626-d15da1f/extensions/vp9/src/main/java/com/google/android/exoplayer/ext/vp9/VpxRenderer.java;FieldDeclaration
/home/arthur/analysis/projects/ExoPlayer/revisions/rev_a1d5626_d15da1f/rev_a1d5626-d15da1f/extensions/vp9/src/main/java/com/google/android/exoplayer/ext/vp9/VpxRenderer.java;FieldDeclaration
/home/arthur/analysis/projects/ExoPlayer/revisions/rev_a1d5626_d15da1f/rev_a1d5626-d15da1f/extensions/vp9/src/main/java/com/google/android/exoplayer/ext/vp9/VpxRenderer.java;FieldDeclaration
/home/arthur/analysis/projects/ExoPlayer/revisions/rev_a1d5626_d15da1f/rev_a1d5626-d15da1f/library/src/main/java/com/google/android/exoplayer/text/ttml/TtmlRenderUtil.java;FieldDeclaration
/home/arthur/analysis/projects/ExoPlayer/revisions/rev_69a42b6_6b59975/rev_69a42b6-6b59975/library/src/androidTest/java/com/google/android/exoplayer/text/webvtt/WebvttParserTest.java;ImportDeclaration
/home/arthur/analysis/projects/ExoPlayer/revisions/rev_69a42b6_6b59975/rev_69a42b6-6b59975/library/src/androidTest/java/com/google/android/exoplayer/text/webvtt/WebvttParserTest.java;ImportDeclaration
/home/arthur/analysis/projects/ExoPlayer/revisions/rev_69a42b6_6b59975/rev_69a42b6-6b59975/library/src/androidTest/java/com/google/android/exoplayer/text/webvtt/WebvttParserTest.java;FieldDeclaration
/home/arthur/analysis/projects/ExoPlayer/revisions/rev_69a42b6_6b59975/rev_69a42b6-6b59975/library/src/androidTest/java/com/google/android/exoplayer/text/webvtt/WebvttParserTest.java;FieldDeclaration
/home/arthur/analysis/projects/ExoPlayer/revisions/rev_69a42b6_6b59975/rev_69a42b6-6b59975/library/src/androidTest/java/com/google/android/exoplayer/text/webvtt/WebvttParserTest.java;FieldDeclaration
/home/arthur/analysis/projects/ExoPlayer/revisions/rev_69a42b6_6b59975/rev_69a42b6-6b59975/library/src/androidTest/java/com/google/android/exoplayer/text/webvtt/WebvttParserTest.java;FieldDeclaration
/home/arthur/analysis/projects/ExoPlayer/revisions/rev_69a42b6_6b59975/rev_69a42b6-6b59975/library/src/androidTest/java/com/google/android/exoplayer/text/webvtt/WebvttParserTest.java;FieldDeclaration
/home/arthur/analysis/projects/ExoPlayer/revisions/rev_69a42b6_6b59975/rev_69a42b6-6b59975/library/src/androidTest/java/com/google/android/exoplayer/text/webvtt/WebvttParserTest.java;FieldDeclaration
/home/arthur/analysis/projects/ExoPlayer/revisions/rev_69a42b6_6b59975/rev_69a42b6-6b59975/library/src/androidTest/java/com/google/android/exoplayer/text/webvtt/WebvttParserTest.java;FieldDeclaration
/home/arthur/analysis/projects/ExoPlayer/revisions/rev_69a42b6_6b59975/rev_69a42b6-6b59975/library/src/androidTest/java/com/google/android/exoplayer/text/subrip/SubripParserTest.java;ImportDeclaration
/home/arthur/analysis/projects/ExoPlayer/revisions/rev_69a42b6_6b59975/rev_69a42b6-6b59975/library/src/androidTest/java/com/google/android/exoplayer/text/subrip/SubripParserTest.java;ImportDeclaration
/home/arthur/analysis/projects/ExoPlayer/revisions/rev_69a42b6_6b59975/rev_69a42b6-6b59975/library/src/androidTest/java/com/google/android/exoplayer/text/subrip/SubripParserTest.java;FieldDeclaration
/home/arthur/analysis/projects/ExoPlayer/revisions/rev_69a42b6_6b59975/rev_69a42b6-6b59975/library/src/androidTest/java/com/google/android/exoplayer/text/subrip/SubripParserTest.java;FieldDeclaration
/home/arthur/analysis/projects/ExoPlayer/revisions/rev_69a42b6_6b59975/rev_69a42b6-6b59975/library/src/androidTest/java/com/google/android/exoplayer/text/subrip/SubripParserTest.java;FieldDeclaration
/home/arthur/analysis/projects/ExoPlayer/revisions/rev_69a42b6_6b59975/rev_69a42b6-6b59975/library/src/androidTest/java/com/google/android/exoplayer/text/subrip/SubripParserTest.java;FieldDeclaration
/home/arthur/analysis/projects/ExoPlayer/revisions/rev_69a42b6_6b59975/rev_69a42b6-6b59975/library/src/androidTest/java/com/google/android/exoplayer/text/subrip/SubripParserTest.java;FieldDeclaration
/home/arthur/analysis/projects/ExoPlayer/revisions/rev_69a42b6_6b59975/rev_69a42b6-6b59975/library/src/androidTest/java/com/google/android/exoplayer/text/subrip/SubripParserTest.java;FieldDeclaration
/home/arthur/analysis/projects/ExoPlayer/revisions/rev_69a42b6_6b59975/rev_69a42b6-6b59975/library/src/androidTest/java/com/google/android/exoplayer/text/subrip/SubripParserTest.java;MethodDeclaration
/home/arthur/analysis/projects/ExoPlayer/revisions/rev_69a42b6_6b59975/rev_69a42b6-6b59975/library/src/androidTest/java/com/google/android/exoplayer/text/ttml/TtmlParserTest.java;ImportDeclaration
/home/arthur/analysis/projects/ExoPlayer/revisions/rev_69a42b6_6b59975/rev_69a42b6-6b59975/library/src/androidTest/java/com/google/android/exoplayer/text/ttml/TtmlParserTest.java;ImportDeclaration
/home/arthur/analysis/projects/ExoPlayer/revisions/rev_69a42b6_6b59975/rev_69a42b6-6b59975/library/src/androidTest/java/com/google/android/exoplayer/testutil/TestUtil.java;ImportDeclaration
/home/arthur/analysis/projects/ExoPlayer/revisions/rev_69a42b6_6b59975/rev_69a42b6-6b59975/library/src/androidTest/java/com/google/android/exoplayer/testutil/TestUtil.java;ImportDeclaration
/home/arthur/analysis/projects/ExoPlayer/revisions/rev_69a42b6_6b59975/rev_69a42b6-6b59975/library/src/androidTest/java/com/google/android/exoplayer/testutil/TestUtil.java;ImportDeclaration
/home/arthur/analysis/projects/ExoPlayer/revisions/rev_69a42b6_6b59975/rev_69a42b6-6b59975/library/src/androidTest/java/com/google/android/exoplayer/testutil/TestUtil.java;MethodDeclaration
/home/arthur/analysis/projects/ExoPlayer/revisions/rev_69a42b6_6b59975/rev_69a42b6-6b59975/library/src/androidTest/java/com/google/android/exoplayer/util/ParsableByteArrayTest.java;MethodDeclaration
/home/arthur/analysis/projects/ExoPlayer/revisions/rev_69a42b6_6b59975/rev_69a42b6-6b59975/library/src/main/java/com/google/android/exoplayer/text/tx3g/Tx3gParser.java;ImportDeclaration
/home/arthur/analysis/projects/ExoPlayer/revisions/rev_69a42b6_6b59975/rev_69a42b6-6b59975/library/src/main/java/com/google/android/exoplayer/text/webvtt/WebvttParserUtil.java;ImportDeclaration
/home/arthur/analysis/projects/ExoPlayer/revisions/rev_69a42b6_6b59975/rev_69a42b6-6b59975/library/src/main/java/com/google/android/exoplayer/text/webvtt/WebvttParserUtil.java;ImportDeclaration
/home/arthur/analysis/projects/ExoPlayer/revisions/rev_69a42b6_6b59975/rev_69a42b6-6b59975/library/src/main/java/com/google/android/exoplayer/text/SubtitleParserHelper.java;ImportDeclaration
/home/arthur/analysis/projects/ExoPlayer/revisions/rev_69a42b6_6b59975/rev_69a42b6-6b59975/library/src/main/java/com/google/android/exoplayer/text/SubtitleParserHelper.java;ImportDeclaration
/home/arthur/analysis/projects/ExoPlayer/revisions/rev_69a42b6_6b59975/rev_69a42b6-6b59975/library/src/main/java/com/google/android/exoplayer/text/SubtitleParserHelper.java;ImportDeclaration
/home/arthur/analysis/projects/ExoPlayer/revisions/rev_69a42b6_6b59975/rev_69a42b6-6b59975/library/src/main/java/com/google/android/exoplayer/text/SubtitleParserHelper.java;FieldDeclaration
/home/arthur/analysis/projects/ExoPlayer/revisions/rev_69a42b6_6b59975/rev_69a42b6-6b59975/library/src/main/java/com/google/android/exoplayer/text/SubtitleParser.java;ImportDeclaration
/home/arthur/analysis/projects/ExoPlayer/revisions/rev_69a42b6_6b59975/rev_69a42b6-6b59975/library/src/main/java/com/google/android/exoplayer/text/SubtitleParser.java;MethodDeclaration
/home/arthur/analysis/projects/ExoPlayer/revisions/rev_69a42b6_6b59975/rev_69a42b6-6b59975/library/src/main/java/com/google/android/exoplayer/hls/WebvttExtractor.java;ImportDeclaration
/home/arthur/analysis/projects/ExoPlayer/revisions/rev_69a42b6_6b59975/rev_69a42b6-6b59975/library/src/main/java/com/google/android/exoplayer/hls/WebvttExtractor.java;ImportDeclaration
/home/arthur/analysis/projects/ExoPlayer/revisions/rev_69a42b6_6b59975/rev_69a42b6-6b59975/library/src/main/java/com/google/android/exoplayer/hls/WebvttExtractor.java;FieldDeclaration
/home/arthur/analysis/projects/ExoPlayer/revisions/rev_e803bff_8fcc8c6/rev_e803bff-8fcc8c6/library/src/main/java/com/google/android/exoplayer2/ui/SimpleExoPlayerView.java;MethodDeclaration
/home/arthur/analysis/projects/ExoPlayer/revisions/rev_e65110e_d79f8f6/rev_e65110e-d79f8f6/library/src/main/java/com/google/android/exoplayer2/ExoPlayerLibraryInfo.java;FieldDeclaration
/home/arthur/analysis/projects/ExoPlayer/revisions/rev_e65110e_d79f8f6/rev_e65110e-d79f8f6/library/src/main/java/com/google/android/exoplayer2/ExoPlayerLibraryInfo.java;FieldDeclaration
/home/arthur/analysis/projects/ExoPlayer/revisions/rev_e65110e_d79f8f6/rev_e65110e-d79f8f6/library/src/main/java/com/google/android/exoplayer2/ui/PlaybackControlView.java;ImportDeclaration
/home/arthur/analysis/projects/ExoPlayer/revisions/rev_e65110e_d79f8f6/rev_e65110e-d79f8f6/library/src/main/java/com/google/android/exoplayer2/ui/PlaybackControlView.java;FieldDeclaration
/home/arthur/analysis/projects/ExoPlayer/revisions/rev_e65110e_d79f8f6/rev_e65110e-d79f8f6/library/src/main/java/com/google/android/exoplayer2/ui/PlaybackControlView.java;MethodDeclaration
/home/arthur/analysis/projects/ExoPlayer/revisions/rev_e65110e_d79f8f6/rev_e65110e-d79f8f6/library/src/main/java/com/google/android/exoplayer2/extractor/ts/H265Reader.java;FieldDeclaration
/home/arthur/analysis/projects/ExoPlayer/revisions/rev_e65110e_d79f8f6/rev_e65110e-d79f8f6/library/src/main/java/com/google/android/exoplayer2/extractor/ts/H265Reader.java;FieldDeclaration
/home/arthur/analysis/projects/ExoPlayer/revisions/rev_94a3640_55ca323/rev_94a3640-55ca323/library/src/main/java/com/google/android/exoplayer2/text/SubtitleDecoderFactory.java;ImportDeclaration
/home/arthur/analysis/projects/ExoPlayer/revisions/rev_2e7f9fb_0cacd38/rev_2e7f9fb-0cacd38/library/src/main/java/com/google/android/exoplayer2/ExoPlayerLibraryInfo.java;FieldDeclaration
/home/arthur/analysis/projects/ExoPlayer/revisions/rev_2e7f9fb_0cacd38/rev_2e7f9fb-0cacd38/library/src/main/java/com/google/android/exoplayer2/ExoPlayerLibraryInfo.java;FieldDeclaration
/home/arthur/analysis/projects/ExoPlayer/revisions/rev_e713ddc_cbffc14/rev_e713ddc-cbffc14/demo/src/main/java/com/google/android/exoplayer2/demo/TrackSelectionHelper.java;FieldDeclaration
/home/arthur/analysis/projects/ExoPlayer/revisions/rev_e713ddc_cbffc14/rev_e713ddc-cbffc14/extensions/okhttp/src/main/java/com/google/android/exoplayer2/ext/okhttp/OkHttpDataSourceFactory.java;ImportDeclaration
/home/arthur/analysis/projects/ExoPlayer/revisions/rev_e713ddc_cbffc14/rev_e713ddc-cbffc14/extensions/okhttp/src/main/java/com/google/android/exoplayer2/ext/okhttp/OkHttpDataSourceFactory.java;FieldDeclaration
/home/arthur/analysis/projects/ExoPlayer/revisions/rev_e713ddc_cbffc14/rev_e713ddc-cbffc14/library/hls/src/androidTest/java/com/google/android/exoplayer2/source/hls/playlist/HlsMasterPlaylistParserTest.java;ImportDeclaration
/home/arthur/analysis/projects/ExoPlayer/revisions/rev_e713ddc_cbffc14/rev_e713ddc-cbffc14/library/hls/src/androidTest/java/com/google/android/exoplayer2/source/hls/playlist/HlsMasterPlaylistParserTest.java;FieldDeclaration
/home/arthur/analysis/projects/ExoPlayer/revisions/rev_e713ddc_cbffc14/rev_e713ddc-cbffc14/library/hls/src/androidTest/java/com/google/android/exoplayer2/source/hls/playlist/HlsMasterPlaylistParserTest.java;FieldDeclaration
/home/arthur/analysis/projects/ExoPlayer/revisions/rev_e713ddc_cbffc14/rev_e713ddc-cbffc14/library/hls/src/androidTest/java/com/google/android/exoplayer2/source/hls/playlist/HlsMasterPlaylistParserTest.java;MethodDeclaration
/home/arthur/analysis/projects/ExoPlayer/revisions/rev_e713ddc_cbffc14/rev_e713ddc-cbffc14/library/hls/src/androidTest/java/com/google/android/exoplayer2/source/hls/playlist/HlsMasterPlaylistParserTest.java;MethodDeclaration
/home/arthur/analysis/projects/ExoPlayer/revisions/rev_e713ddc_cbffc14/rev_e713ddc-cbffc14/library/hls/src/main/java/com/google/android/exoplayer2/source/hls/HlsChunkSource.java;FieldDeclaration
/home/arthur/analysis/projects/ExoPlayer/revisions/rev_e713ddc_cbffc14/rev_e713ddc-cbffc14/library/hls/src/main/java/com/google/android/exoplayer2/source/hls/HlsMediaChunk.java;ImportDeclaration
/home/arthur/analysis/projects/ExoPlayer/revisions/rev_e713ddc_cbffc14/rev_e713ddc-cbffc14/library/core/src/main/java/com/google/android/exoplayer2/text/ttml/TtmlRegion.java;FieldDeclaration
/home/arthur/analysis/projects/ExoPlayer/revisions/rev_e713ddc_cbffc14/rev_e713ddc-cbffc14/library/core/src/main/java/com/google/android/exoplayer2/text/ttml/TtmlRegion.java;FieldDeclaration
/home/arthur/analysis/projects/ExoPlayer/revisions/rev_e713ddc_cbffc14/rev_e713ddc-cbffc14/library/core/src/main/java/com/google/android/exoplayer2/audio/Sonic.java;FieldDeclaration
/home/arthur/analysis/projects/ExoPlayer/revisions/rev_e713ddc_cbffc14/rev_e713ddc-cbffc14/library/core/src/main/java/com/google/android/exoplayer2/ExoPlayer.java;ImportDeclaration
/home/arthur/analysis/projects/ExoPlayer/revisions/rev_e713ddc_cbffc14/rev_e713ddc-cbffc14/library/core/src/main/java/com/google/android/exoplayer2/ExoPlayerFactory.java;ImportDeclaration
/home/arthur/analysis/projects/ExoPlayer/revisions/rev_e713ddc_cbffc14/rev_e713ddc-cbffc14/library/core/src/main/java/com/google/android/exoplayer2/mediacodec/MediaCodecInfo.java;MethodDeclaration
/home/arthur/analysis/projects/ExoPlayer/revisions/rev_e713ddc_cbffc14/rev_e713ddc-cbffc14/library/core/src/main/java/com/google/android/exoplayer2/SimpleExoPlayer.java;ImportDeclaration
/home/arthur/analysis/projects/ExoPlayer/revisions/rev_e713ddc_cbffc14/rev_e713ddc-cbffc14/library/core/src/main/java/com/google/android/exoplayer2/decoder/SimpleOutputBuffer.java;ImportDeclaration
/home/arthur/analysis/projects/ExoPlayer/revisions/rev_e713ddc_cbffc14/rev_e713ddc-cbffc14/library/core/src/main/java/com/google/android/exoplayer2/upstream/ContentDataSource.java;ImportDeclaration
/home/arthur/analysis/projects/ExoPlayer/revisions/rev_e713ddc_cbffc14/rev_e713ddc-cbffc14/library/core/src/main/java/com/google/android/exoplayer2/util/ParsableNalUnitBitArray.java;FieldDeclaration
/home/arthur/analysis/projects/ExoPlayer/revisions/rev_e713ddc_cbffc14/rev_e713ddc-cbffc14/library/core/src/main/java/com/google/android/exoplayer2/util/MimeTypes.java;FieldDeclaration
/home/arthur/analysis/projects/ExoPlayer/revisions/rev_e713ddc_cbffc14/rev_e713ddc-cbffc14/library/core/src/main/java/com/google/android/exoplayer2/util/MimeTypes.java;FieldDeclaration
/home/arthur/analysis/projects/ExoPlayer/revisions/rev_e713ddc_cbffc14/rev_e713ddc-cbffc14/library/core/src/main/java/com/google/android/exoplayer2/util/MimeTypes.java;FieldDeclaration
/home/arthur/analysis/projects/ExoPlayer/revisions/rev_e713ddc_cbffc14/rev_e713ddc-cbffc14/library/core/src/main/java/com/google/android/exoplayer2/extractor/DefaultExtractorsFactory.java;ImportDeclaration
/home/arthur/analysis/projects/ExoPlayer/revisions/rev_e713ddc_cbffc14/rev_e713ddc-cbffc14/library/core/src/main/java/com/google/android/exoplayer2/extractor/DefaultExtractorsFactory.java;ImportDeclaration
/home/arthur/analysis/projects/ExoPlayer/revisions/rev_e713ddc_cbffc14/rev_e713ddc-cbffc14/library/core/src/main/java/com/google/android/exoplayer2/extractor/DefaultExtractorsFactory.java;FieldDeclaration
/home/arthur/analysis/projects/ExoPlayer/revisions/rev_e713ddc_cbffc14/rev_e713ddc-cbffc14/library/core/src/main/java/com/google/android/exoplayer2/extractor/DefaultExtractorsFactory.java;ConstructorDeclaration
/home/arthur/analysis/projects/ExoPlayer/revisions/rev_e713ddc_cbffc14/rev_e713ddc-cbffc14/library/core/src/main/java/com/google/android/exoplayer2/extractor/mp3/ConstantBitrateSeeker.java;ImportDeclaration
/home/arthur/analysis/projects/ExoPlayer/revisions/rev_e713ddc_cbffc14/rev_e713ddc-cbffc14/library/core/src/main/java/com/google/android/exoplayer2/extractor/ogg/OggPacket.java;ImportDeclaration
/home/arthur/analysis/projects/ExoPlayer/revisions/rev_e713ddc_cbffc14/rev_e713ddc-cbffc14/library/core/src/main/java/com/google/android/exoplayer2/extractor/ogg/OggPacket.java;FieldDeclaration
/home/arthur/analysis/projects/ExoPlayer/revisions/rev_e713ddc_cbffc14/rev_e713ddc-cbffc14/library/core/src/main/java/com/google/android/exoplayer2/extractor/ogg/VorbisBitArray.java;FieldDeclaration
/home/arthur/analysis/projects/ExoPlayer/revisions/rev_e713ddc_cbffc14/rev_e713ddc-cbffc14/library/core/src/main/java/com/google/android/exoplayer2/extractor/ogg/VorbisBitArray.java;ConstructorDeclaration
/home/arthur/analysis/projects/ExoPlayer/revisions/rev_e713ddc_cbffc14/rev_e713ddc-cbffc14/library/core/src/main/java/com/google/android/exoplayer2/extractor/ogg/VorbisBitArray.java;ConstructorDeclaration
/home/arthur/analysis/projects/ExoPlayer/revisions/rev_e713ddc_cbffc14/rev_e713ddc-cbffc14/library/core/src/main/java/com/google/android/exoplayer2/BaseRenderer.java;ConstructorDeclaration
/home/arthur/analysis/projects/ExoPlayer/revisions/rev_e713ddc_cbffc14/rev_e713ddc-cbffc14/library/core/src/main/java/com/google/android/exoplayer2/BaseRenderer.java;ConstructorDeclaration
/home/arthur/analysis/projects/ExoPlayer/revisions/rev_e713ddc_cbffc14/rev_e713ddc-cbffc14/library/ui/src/main/java/com/google/android/exoplayer2/ui/DefaultTimeBar.java;FieldDeclaration
/home/arthur/analysis/projects/ExoPlayer/revisions/rev_e713ddc_cbffc14/rev_e713ddc-cbffc14/library/ui/src/main/java/com/google/android/exoplayer2/ui/DefaultTimeBar.java;FieldDeclaration
/home/arthur/analysis/projects/ExoPlayer/revisions/rev_e713ddc_cbffc14/rev_e713ddc-cbffc14/library/ui/src/main/java/com/google/android/exoplayer2/ui/DefaultTimeBar.java;FieldDeclaration
/home/arthur/analysis/projects/ExoPlayer/revisions/rev_e713ddc_cbffc14/rev_e713ddc-cbffc14/library/ui/src/main/java/com/google/android/exoplayer2/ui/DefaultTimeBar.java;FieldDeclaration
/home/arthur/analysis/projects/ExoPlayer/revisions/rev_e713ddc_cbffc14/rev_e713ddc-cbffc14/library/ui/src/main/java/com/google/android/exoplayer2/ui/DefaultTimeBar.java;FieldDeclaration
/home/arthur/analysis/projects/ExoPlayer/revisions/rev_e713ddc_cbffc14/rev_e713ddc-cbffc14/library/ui/src/main/java/com/google/android/exoplayer2/ui/DefaultTimeBar.java;FieldDeclaration
/home/arthur/analysis/projects/ExoPlayer/revisions/rev_e713ddc_cbffc14/rev_e713ddc-cbffc14/library/ui/src/main/java/com/google/android/exoplayer2/ui/DefaultTimeBar.java;ConstructorDeclaration
/home/arthur/analysis/projects/ExoPlayer/revisions/rev_e713ddc_cbffc14/rev_e713ddc-cbffc14/library/ui/src/main/java/com/google/android/exoplayer2/ui/DefaultTimeBar.java;ConstructorDeclaration
/home/arthur/analysis/projects/ExoPlayer/revisions/rev_e713ddc_cbffc14/rev_e713ddc-cbffc14/library/ui/src/main/java/com/google/android/exoplayer2/ui/DefaultTimeBar.java;ConstructorDeclaration
/home/arthur/analysis/projects/ExoPlayer/revisions/rev_e713ddc_cbffc14/rev_e713ddc-cbffc14/library/ui/src/main/java/com/google/android/exoplayer2/ui/DefaultTimeBar.java;ConstructorDeclaration
/home/arthur/analysis/projects/ExoPlayer/revisions/rev_e713ddc_cbffc14/rev_e713ddc-cbffc14/library/ui/src/main/java/com/google/android/exoplayer2/ui/DefaultTimeBar.java;FieldDeclaration
/home/arthur/analysis/projects/ExoPlayer/revisions/rev_e713ddc_cbffc14/rev_e713ddc-cbffc14/library/ui/src/main/java/com/google/android/exoplayer2/ui/DefaultTimeBar.java;ConstructorDeclaration
/home/arthur/analysis/projects/ExoPlayer/revisions/rev_e713ddc_cbffc14/rev_e713ddc-cbffc14/library/ui/src/main/java/com/google/android/exoplayer2/ui/DefaultTimeBar.java;ConstructorDeclaration
/home/arthur/analysis/projects/ExoPlayer/revisions/rev_e713ddc_cbffc14/rev_e713ddc-cbffc14/library/ui/src/main/java/com/google/android/exoplayer2/ui/DefaultTimeBar.java;MethodDeclaration
/home/arthur/analysis/projects/ExoPlayer/revisions/rev_e713ddc_cbffc14/rev_e713ddc-cbffc14/library/ui/src/main/java/com/google/android/exoplayer2/ui/DefaultTimeBar.java;FieldDeclaration
/home/arthur/analysis/projects/ExoPlayer/revisions/rev_e713ddc_cbffc14/rev_e713ddc-cbffc14/library/ui/src/main/java/com/google/android/exoplayer2/ui/DefaultTimeBar.java;MethodDeclaration
/home/arthur/analysis/projects/ExoPlayer/revisions/rev_e713ddc_cbffc14/rev_e713ddc-cbffc14/library/ui/src/main/java/com/google/android/exoplayer2/ui/TimeBar.java;MethodDeclaration
/home/arthur/analysis/projects/ExoPlayer/revisions/rev_e713ddc_cbffc14/rev_e713ddc-cbffc14/testutils/src/main/java/com/google/android/exoplayer2/testutil/TestUtil.java;ImportDeclaration
/home/arthur/analysis/projects/ExoPlayer/revisions/rev_e713ddc_cbffc14/rev_e713ddc-cbffc14/testutils/src/main/java/com/google/android/exoplayer2/testutil/TestUtil.java;ImportDeclaration
